Appliances,lights,T1,T2,T3,RH_1,RH_2,RH_3
40,0,20.89,17.76,20.29,35.4,39.1633,36.9
90,10,21.89,21.29,21.6333,53.1,45.36,49.2267
50,0,21.39,17.6333,21.6667,35.5,40.53,35.2
50,0,21.39,23.89,22.0333,41.0333,34.84,36.9333
70,0,19.9633,16.4633,20,35.1267,40.1267,36.4
120,10,22.5,20.89,22.29,44.6967,40.59,38.26
120,10,19.39,16.89,19.79,36.7,39.9,36.6267
70,0,22,20.6,24.2,40.4667,40.4,37.3267
50,0,21.89,19.5,23.5,43.09,44.73,40.79
70,20,20.1,17.73,20.29,37.2,39.1633,36.59
110,10,22.73,21.79,22,44.1,40.46,43.59
70,0,22,21,23.2,43.4,43.5267,39.5967
100,0,21.39,19.5,21.2,41.1,39.8333,38.7233
110,20,21.5,19.7,20.8233,38.9667,39.9,38.1267
120,0,22,21.1667,22.5,38.9,37.5,37.29
50,0,22.1,18.5667,21.6,35.29,39.1267,35.6267
50,0,21.89,19.7,23.79,42.4667,45.8267,40.09
50,0,21.0667,17.79,21.5,35.5,38.29,35.09
30,0,22.1,19.2,23.23,35.76,38.2,37.2
140,20,21.0333,20.7,21,44.5267,42.0967,42.6267
60,0,19.1333,17.5333,19.89,39,40.76,37.4
60,0,21.2,19.6,21.7,35.5,36.59,35.29
20,0,17.5,16.5333,17.89,41.56,42.06,40.4333
40,0,19.6,18.79,19.79,46,45.9,45.2
340,0,23.23,22.81,24.7,42.43,37.554,37
70,0,24.5333,24.39,25.7,46.5,44.2675,42.1633
100,0,19.89,18.125,20.1,38.29,37.645,36.76
60,20,20.7,19.39,21.456,44.79,45.5675,41.96
60,0,24.89,23.4725,26.4214,47.79,48.475,43.7
130,0,20.9633,18.5333,21.6,39.4667,39.23,35.43
60,20,22.73,20.76,25.73,42.1267,43.03,40.79
50,0,18.7,16.79,19.9267,39.55,41.1633,37.5
50,0,21.76,25.1,22.6,36.3633,30.39,35.2
80,0,20.79,19.1,21.89,38.29,39.9,35.4
40,0,21.89,21,23.2,46.09,45.79,46.29
350,0,20.39,17.1,20.79,39.9,46.23,38.1267
100,10,20.9633,20.6,21,47.2633,43.1,42.9
140,10,23.6,22.1,25.6,49.23,48.56,40.4333
50,0,24.79,22.7,26.5833,47.2,49.29,44.5
70,0,21.6,19.79,22.76,36.4333,38.3633,34.2
50,0,25.29,24.1,26.79,43.09,42.8633,39.79
120,0,22.89,22.0333,23.39,42.3633,40.7667,39.7
60,0,25,23.68,26.29,48,48.178,43.79
50,0,21.5,20.6667,20.89,42.2,41.3633,44.7
50,0,21.5,20.79,22.2,45.09,44.2,44.9
60,0,20.9267,19.1,19.89,35.6267,36.9,36.9125
20,0,21.29,18.76,20.9633,36.1567,37.59,35.26
70,20,23.29,22.39,23.29,44.9667,43.9,45
40,0,19.2,18,19,39.7,40.29,39.5675
60,0,22,19.2,24.6667,38.29,41.4,37.3633
60,0,23.39,20.815,24.79,39.7267,42.3425,37.79
330,0,22.6,21.2,23.2,37.1333,36.79,35.29
70,0,22.79,21.8567,23,39.2667,37.9633,37.59
50,0,24.39,22,25.89,44.79,46.745,42.4
30,10,21.29,21.86,22,39.7,38.49,37.09
270,30,21.39,20.5,22.5667,40.4633,38.0633,39.7233
50,0,20.8567,17.5,20.2,35.56,39.59,36.6267
240,0,21.5333,20.79,22.46,37.0567,35.6967,39.4333
50,0,22,18.29,23.26,37.4,42.59,37.56
40,0,21.1,17.79,21.23,35.79,39.76,35.4333
20,0,18.89,18.2,20,44.76,44.59,45
40,0,22,21.2,21.9144,44.29,43.59,44.29
60,0,23.1,20.6,24.6,41,43.7,39.4
20,0,18.7,17.79,19.5,43.5,44.09,42.8267
60,0,21,19.7,21.29,36.36,35.56,36.4667
60,0,22.7,21.39,21.5333,33.56,33.2,34.7
40,0,21.6,21,22.1,47.36,45.2233,46.3267
100,0,21.1,18.6667,20.39,38.9333,41.26,37.9333
40,10,21.89,21.0667,21.76,47.09,46.56,46.5
60,30,23.8233,22.89,23.89,45.8,43.8267,45.4
90,0,20.5,19.1,20.1,36.5667,36.09,36.5
50,0,20.9267,20,20.79,41.9667,41.59,44.53
70,0,22.79,20.6333,22.4267,34.79,35.23,35.2
50,0,22.29,19.7,22.39,39.2,41.59,38.8267
70,0,21.29,18.1,22.7,35.2,39.09,35
60,0,25.2,26.39,26.2,37,31.6,37.754
390,20,20.39,19.39,20.4267,43.2667,43.3633,44.23
60,0,20.79,18,22,36.29,39.6267,36.7
90,0,25.5,24.8043,26.2,49.2,47.4,45.5
80,0,18.89,17.39,20.58,39.53,41.5667,38.29
40,0,20.76,19.1,20.245,40.53,40.4,40.245
150,0,24.29,23.7,25.2,40.6633,39.1933,39.23
60,0,21.29,20.5,21.39,41.2,40.5,42.5
40,0,21.5,18.79,20.1667,36,38.79,36.4
50,0,21.5,20.89,23.1,42.7,41.6633,43.06
120,20,22.9267,22.6,22.29,48.6333,44.2,46.8267
60,0,20.89,17.5667,20.2,35.59,39.53,36.56
170,30,20.7,19.39,21.39,44.79,45.59,41.9857
120,10,25.0333,23.5,23.7,40.2933,35.8713,31.745
120,0,22.5333,20.89,22.1667,39.9667,41.4333,38.5
50,0,21.79,23.2,22.7,37.79,34.3267,35.8267
100,20,21.5,19.79,20.8233,41,41.0267,41.1567
30,0,19.89,19.2,20.5,45.5,44.9667,44.29
110,0,23.6,22.5,23.1,33.2,31.6333,35.09
90,20,21.4267,19.7,20.745,39.56,40.3267,38.09
60,0,21.39,18.5,22.89,39.2,44.2233,37.06
50,0,23.2,22.89,22.79,38.03,36.29,38.09
40,0,20.1667,17.3567,20.7,37.2,40.5,37.6267
40,0,19.6,18.89,19.9633,43.79,43.5,44.79
110,0,22.79,21.7,24.6,39.4333,39.62,37.3371
90,0,19.4267,16.79,19.89,36.59,40,37.09
60,20,23.39,21.0667,24.7,40.03,42.5,38
440,20,20.6,19.5667,21.1333,40.4,40.4333,46.1233
80,0,21.76,19.39,22.1,41.2,46.2633,38.23
60,20,21.4633,19.7,21.2,43.1933,43.6333,41.3633
100,20,21.5,19.8567,20.79,40.6633,40.9,41.1567
60,0,21.73,19.1,22,36.09,38.79,35.79
60,0,22.79,20,23.3233,39.79,43.3267,39.56
130,40,20.23,18,20.1667,44.4633,43.2333,38.43
60,0,21.1,19.5667,21.76,43.5,44.3267,42.5
60,0,24.59,23.9532,27.056,51.014,49.4693,45.06
70,20,21.5,22.1333,22.8567,41.8267,40.4,38.4667
90,0,24.6,22.9633,25.1667,40.53,40.03,38.79
90,0,22.1,19.7,22.89,38.29,41.1267,38.2
50,0,21.7,18.89,22.39,38.76,42.56,38.2
110,0,25.6,26.76,25.1,31.29,27.4267,36.03
50,0,22.5333,20.2,22.89,39.59,42.06,39.59
280,0,23.23,22.6,23.8567,39.06,37.5667,41.6567
40,0,19.6,18.1333,19.76,41.03,41.7,40.59
300,10,22,20.79,22.5006,43.43,42.5667,47.3306
40,0,19.9633,19.29,20.4633,45.2,44.76,44.26
50,0,21.5,20.43,22.7,37.03,38.0667,35.59
80,20,22.0667,21.1,21.6,41.8633,41.4333,43.4667
40,0,20.4267,18.79,20.29,40.5667,40.29,40.5
40,0,21.7,20.9175,20.79,42.1633,41.2225,44.53
100,10,21.39,19.29,21.79,38.4986,39.4,37.09
70,0,22.39,20.29,23.5,37.2,39.09,37.79
70,0,22.7,20.39,23.89,42.1633,44.73,39.4333
50,0,22.6667,21.7,21.29,39.56,39.2,43.6267
80,0,20.1667,18.29,20.2,39.7667,40.3267,39.2
50,0,18.6,17.7,19.39,43.4,44.1267,42.6267
40,30,22.2,20.89,21.89,44.6633,44.5,44.1633
80,0,21.1,19.6667,20.29,34.23,34.26,35
50,0,19.7,17.2,21.0667,38.06,41,37.6633
70,0,21.29,20.29,20.65,37.09,35.8633,37.4
120,0,22.89,22.3629,24.62,38.56,37.5543,37.09
70,10,20.76,18.5,21.89,37,40,34.5
40,0,20.89,19.945,21.79,36.79,36.645,35.09
90,10,22.9633,21.9633,21.89,46.3267,45.3267,46.7
390,0,21.7,19.6,22.6633,33.7967,33.9,36.2333
60,0,22.5,20.1,24.7,44.09,47.1267,40.9333
100,0,22.89,20.29,23.6,36.53,37.6633,33.7
130,20,22.79,21.1667,22.6,39.6933,40.0967,37.9667
50,0,20.89,19.1,21.5,41.79,44.4,38.8267
70,0,24.2,25.39,26.2,41.6267,36.29,37.23
70,0,21.1,20.29,21.89,39.59,40.03,37.5
40,0,22.2,19.6667,24.39,41.5,44.2,39.7
80,0,21.73,18.89,22.5667,35.4333,37.9,34.26
110,20,21.7,20.2,21.73,45.43,45.6333,42.7
80,0,22.29,21.8567,22.7,44,43.09,41.4333
90,0,22,20.89,23.3567,41.8333,42.29,38.29
250,10,19.6,19.1333,19.2,41.59,40.9,42.8633
100,0,21.2,20.39,21.6,44.93,42.7,43.76
70,0,17.39,16.39,17.89,36.6267,36.8267,37.4667
70,0,21.7,18.79,22.6,35.3633,38.06,34.3633
120,0,23.1,22.6333,23.1,38.6267,36.5,36.76
40,0,19.2,18.39,18.79,38.7,38.2,39.79
60,0,22.1,20.1571,20.7675,36.8057,37.2257,37.9
110,0,25.29,24.5,26.0429,48.5,47.476,44.0686
110,0,22.79,22.39,23.36,37.05,36.53,35.7267
50,0,19.29,17.6,20.5,37.8633,39.4333,37.4
80,0,21.89,20.4267,22.9267,41.09,42.2,38.5
50,0,22.9267,22.3267,24.29,41.23,41.29,38.5
40,0,22.29,21.5667,21.79,43.4333,43.09,44.7
90,0,22.29,22.4667,23.73,34.6,32.1,35.4
40,0,21.2,20.5,21.5333,44.5267,42.53,43.59
100,0,21.5,19.1333,22.5,40.5,44.1633,38.29
100,10,20.79,19.5,20.7,39.3,37.36,36.26
80,0,20.79,19.7,20.7,38.1633,38.06,39.0267
330,20,24.79,25.014,26.8,48.76,46.34,44.2667
50,0,22.6,20,23.1,35.29,37.1267,36.79
40,0,23.7,20.5,24.254,35.29,38.018,36.076
50,0,20.2,16.55,20.4267,36.4633,41.8267,37.59
40,0,21.26,18.29,21.79,37.8633,40,36.29
60,0,21.1667,20.1333,21.79,40.03,40.56,37.79
50,0,20.6,17.39,21,40.29,46.5,38.29
50,0,24.1377,23.1746,24.9044,39.0492,37.9831,37.6578
130,0,20.1,19.93,20,37.8267,36.59,36.23
40,0,18.89,18.245,19.89,44.2,44,45.09
40,10,20.79,19.2,20.6,40.2,41.59,38.53
390,0,20.5,18.89,21.29,42.8267,43.86,41.56
120,0,21.5,19.76,22.39,41.0667,44.1933,38.09
50,0,20.39,17.29,20.2,36.9,40.8633,37.045
50,0,20.675,19.9267,20.89,41.0675,40.2,41.8633
50,0,24.89,23.29,26.5571,47.56,48.7,43.5
110,10,23.5,21.1,25.6,48.2333,43.595,38.23
50,0,20.6,19.79,20.79,41.79,40.2,41.4667
50,0,21.6,19.2,22.5,38.79,41.76,38.1267
90,0,22.29,20.6,22.23,39.5,40.7,37.9333
40,0,20.6,18.79,20.5,36.79,37.1267,37.26
210,10,20.26,19.76,19.76,38.6333,34.1267,35.7
50,0,21,19.79,21.1333,43.4667,42.16,40.79
300,20,21.0333,20.3567,22.745,45.6233,43.23,45.46
40,10,20.7,18.39,21,38.2,39.79,40.2
80,10,21.39,20.79,21,45.03,43.8267,46.6633
120,10,22.79,21.23,22.7,37.76,37.03,36.9
110,30,22.29,20.89,22.3233,40.1267,37.8633,37
100,0,21.7,19.29,20.29,36.29,38.9,36.475
50,0,21,19.9633,21.79,39.5,40.73,37.4
50,0,21.2,18.2,22,38.2233,42.6267,36.59
60,0,20,17.5,20.2257,35,36.1333,37.1786
50,0,19.39,18.8233,20.6,42.09,41.23,44.23
60,0,22.6667,20.8567,23.39,41.3633,42.8633,39.79
180,20,21.5,20.6333,21.5,46.3,44.8267,43.2
50,0,19.3567,19.2,19.79,46.3333,45.1567,44.7
100,0,22.89,21.6,24.2,47.0567,43.9667,38.23
30,0,19.5,19,21.2,42,40.93,45.5967
90,0,25.5,27.1,25.1,32.43,27.7633,36.26
280,20,21,19.1,21,40.4,41.06,40.09
130,0,24.4532,23.6322,24.8483,37.2644,34.8623,36.6058
80,0,23,21.29,23.73,35.1633,33.6567,33.29
50,10,22.1,20.2,22.1,39.5267,38.1567,37.26
20,0,21,20.4267,22.23,45.79,43.9,45.1567
50,0,20.3233,19.0667,19.89,39.2,39.3633,40.29
40,0,21.2,18.5333,23.2,38.29,41.4,36.29
50,0,24.89,22.89,26.6,47.5,49.2,44.59
140,0,21.1,20.0333,21.5,33.6933,31.6967,34.5967
240,10,22.1,20.1,23.6333,34.43,33.36,35.89
50,0,24.1,21.7,25.39,40.4,42.29,39.7
90,20,22.1,20.5,21.5,37.59,37.9333,38.56
320,20,22.445,21.2,22.79,40.895,38.495,37.9
400,0,20.3567,20.1,20.0333,45.06,43.76,45.59
230,30,21.89,20.7,23.3733,44.3633,43.3267,46.4067
90,0,21.1,18,22.5,39.9667,44.7667,38.5267
80,0,22.0333,21.1,23.0286,41.2933,40.23,42.2857
40,0,19.79,19.0333,20.39,45.2,44.59,44.06
40,10,21.8567,21,21.73,47.06,46.545,46.4
70,0,21.5,18.9633,22.6,40.4,44.2,38.4
60,30,21.55,19,20.89,41.45,45.4667,38.9
40,0,20.89,18.89,21,36.5643,38.09,38.6686
40,0,19.6667,17.7,20.5,36.6333,37.7,37.5
210,10,21,19.2,20.9633,41.212,41.2,40.26
60,0,22,21.2,22.65,41.9,40.45,43.345
60,0,22.73,23.5,22.89,35.8633,32.53,35.9333
180,30,19.1,18.5,19.26,44.7233,43.76,43.6633
120,10,21.2,19.4267,21.1,41.86,42.6267,40.4
40,0,22.2,21.5,21.8233,43.4333,43.2,44.73
120,0,21.6333,19.6,20.96,46.8933,41.76,40.06
80,0,22.7,23.26,22.6,42.5,39.2,40.76
70,0,21.89,18.79,23,36.8,40.09,36.2
120,0,23,20.6667,22.8233,41.4567,41.2333,37.53
50,0,23.1,21.3329,24.6,41.2,42,39.7
50,10,21.5,20.89,20.7,45.03,44.3267,45.79
20,0,21.1333,18.1,20.3233,35.4667,39,36.9
100,0,22.89,20.89,24.1,42.95,44.79,39.2
40,0,22.1,18.89,24.1,40.9,46.2,39.2
60,0,20.39,20,20.1,44,43.2,43.8267
50,0,22.2,20.1333,22.89,34.29,35.6333,36.1633
30,0,19.76,18.9267,19.89,46,45.59,45.2
70,20,20.7,19.79,21.29,44.53,42.4,42.525
70,20,22.79,22.0333,22.1,43.5,42.4333,44.2
440,0,24.3831,23.5305,24.8608,37.661,35.5558,36.8396
60,20,21.6,18.9633,21.7,37.7,39.76,36.4
50,0,18.79,16.79,20.2,37.9,40.09,37.9667
90,10,22.1333,20.39,21.4633,43.9967,41.99,41.0267
60,0,20.9267,19.1,21.5,41.59,44.1267,38.79
50,0,20.79,19,21.39,40.09,41.59,40.79
40,0,19.8567,18.2,19.89,41.3633,41.59,40.79
90,0,22.6667,21.8233,22.06,39.9667,39.7,40.156
50,0,21.6,18.89,22.89,37.09,40.2,37.2
180,0,20.29,18.1333,20.5333,38.6333,40.06,39.03
90,0,21.6714,20,20.8186,38.1214,37.3214,37.4286
90,0,21.1,21.445,21.865,40.0267,37.145,38.0925
60,0,22,19.39,21.8233,36,38.3633,35.5667
130,0,21.39,21.125,21,43.4667,41.3725,42.2
370,30,23.3567,23.0333,25.1333,53.4933,39.86,43.5
50,10,18.9267,17,19.89,39.4,41.2,37.4333
50,0,20.79,17.9267,22.76,41.495,45.86,38.76
100,0,22.6667,21.29,24.89,57.4967,56.0267,40.49
50,0,22,19.5,22.89,40.6267,44.06,39.7
70,0,20.6,19.26,22.1,41.6233,39.49,40.0333
50,0,22.5,20.29,24.9267,39.045,40.03,36.4
70,10,19.6333,19.29,19.5,45,44.1267,43.9333
80,0,23,23.1,23.1,34.9333,32.76,35.4333
60,0,24.23,23.0967,26,39.23,39.2667,37.29
90,10,21.23,19.1333,21.7,37.23,39.26,37.2
60,0,21.8567,19.79,20.5,34.7,35.1267,36.6633
90,0,23.5,23.29,24.2,35,32.59,34.2
50,0,22.6,24.8567,23.2,38.1633,32.29,37.59
30,0,21.7,19.3567,22.6,38.6633,41.1267,38
110,0,20.7,18,22,36.4567,39.7,36.7
60,0,24.1,21.79,25.39,47.79,50.7,42.73
60,10,20,18.245,20.29,38.5267,36.845,35
60,0,25.29,23.29,25.89,39.59,40.76,34.536
50,0,20.73,19.7,21.2,41.9,42.26,41.03
90,0,21.1333,19.7,23.73,33.86,32.4667,36.8
50,20,22,18.5667,22.4267,38.6633,42.59,37.79
80,0,22.2,19.2,23.3233,37.73,41.9,38.79
80,0,22,20.29,23.29,43.1267,46.46,38.79
80,10,22.2,20,23.8567,43.4333,45.8267,39.4667
230,0,21.0667,21,21.5333,38.79,35.86,36.3633
50,0,20.79,17.5,21.6,37.59,41.6333,35.5
110,0,20.79,20.5,20.2,44.2233,43.06,44.79
60,0,22.39,22.6333,22.3567,38.56,36.59,37.9
310,0,23,22.2,23.39,43.53,41.1633,39.3633
140,0,21.23,19.5,20.29,35.5,37,35.4
300,40,24,23.1,24.2,47.05,44.36,45.79
70,0,24.2,25.7,26.5,41.6267,35.46,37.56
50,0,22.89,21.89,21.29,39.4333,39.1267,43.59
140,20,23.5,22.5,24.29,35,33.812,35.09
40,0,19,18.39,19.89,42.09,41.29,43.2
50,0,23.1,21.5,24.89,45.29,46.9,42.09
50,0,22.8567,20.7,24.5,39.3633,39.9333,37.7257
50,0,22.6333,19.6,24.29,41.03,45.545,38.79
50,0,21.6,20.29,21.89,43.29,43.59,42
60,0,21.39,19.5,21,38.29,38.7,39.4
50,0,20.8567,19.7,21.79,36.8633,37.3267,35.09
50,0,19.7,17.29,20.0333,37.2,39.8267,38.8267
80,0,21.7,20.29,21,34.8333,34.5133,36.4
50,0,21.6,18.1,21.6,35.2,39.79,36
50,0,23.5,20.7,24.65,38.9,42.1633,36.95
50,0,20.79,17.29,20.2,35.5,39.7,36.76
40,0,21.79,23.1,22.79,37.76,34.5,35.79
100,10,25.79,24.6,26.754,38.73,38.0667,34.4
80,10,20.7,21.8667,21.4633,35.9,33.6233,34.7
400,20,22.26,21.29,21.89,46.9633,46.0667,45.5667
50,0,20.29,18.29,20.7,35.1633,35.9333,36.5
70,20,25.1,23.2,25.7,44.7,44.59,41.79
110,20,21.79,20.4725,21.6,43.56,44.2675,42.4
280,0,20.2,16.6,20.39,37.4633,42.7667,37.5
50,0,22.2,19.6,22.73,39.09,42.03,38.79
60,0,21,17.7,22.6,35.4,39.59,35.09
80,10,20.89,20.1,21.7,44.3633,44,44.29
70,10,21.79,20.8233,21.39,44.1933,43.6633,43.7667
100,0,20.8567,19.6667,21.1,40.56,41.06,39.53
60,0,23.7,22.7,21.2,39.09,39.09,43.3633
90,0,22,21.73,22.29,40.3333,38.6633,38.7
50,0,20.5333,17.7,20.1,37.7,40.7,38.09
60,30,25.0667,23.1333,25.7,44.7,44.6633,41.79
110,40,20.2,18.39,21,40.53,41.1267,39.73
50,0,22.7,21.79,23.29,45.7,44.76,45.5
90,10,20.79,19.39,20.79,35.3267,34.3333,35
60,0,20.2,18,22.5,36.9667,39.4,34.09
60,0,24.79,24.6,26,47.79,46.09,43.79
60,0,20.9633,20.26,22.39,43.8667,40.1267,44.9
50,10,19.5,18,20.1,40.6267,40.73,40.1567
40,0,19.6,18.8233,19.79,45,44.53,44.53
90,0,19.3567,19.025,19.26,45.4633,44.4725,43.93
60,0,21.89,23.3567,22.7,37.9,34.2,35.9667
420,10,21.29,19.5,23.2,34.4,33.3333,34.76
40,0,22.39,19.29,23.39,37.7,41.9,38.79
90,10,22.3567,20.4542,21,45.63,42.3417,40.73
70,20,21.5,20.6,20.7,38.4,37.79,41.425
50,0,22.6,19.5667,24.23,41,45.6267,38.73
100,10,21.5,18.79,23.0667,36.59,38.9633,34.4667
220,0,23.9434,25.1,26.1636,49.3637,43.501,43.4352
110,10,24.8309,24.8604,26.5212,47.3088,43.9035,42.1209
110,20,22.89,20.2,21.79,34.1633,36.09,35
30,0,20.6,18.8567,21.39,43.1267,44.3333,41.9333
140,10,24.39,23.79,25.2,38.63,36.7233,38.76
470,0,24.39,25.39,26.1633,43.7567,37.134,38.0667
50,0,23.79,21.1667,25.39,40.29,42.79,39.9
620,0,24.39,25.37,26.73,44.3333,37.736,38.8633
40,10,19.6667,17.8567,20.29,40.9667,41.8633,40.6267
120,0,21.6,19.9633,23.3567,37.36,38.5667,38.1333
30,0,19.29,18.6,19.79,46.59,46.5,45.2
30,0,18.5,17.39,18.89,38.76,38.53,39.6933
90,0,22.2,20.7,22.29,39.56,37.7,37.09
350,10,21.1333,19.5667,20.2,35.99,35.4,34.53
150,0,23.0667,22.3567,23.1,38.56,36.8267,36.8633
30,0,20.3233,18.0333,21.2,39.5,41.03,40.59
50,0,19.5,16.29,20.2,37.2,41.1633,37.345
50,0,23.26,22.39,21.5667,40.09,39.6633,43
70,30,22.29,21.5,21.7,42,41.06,43.06
50,0,20.6,19.73,21,40.99,39.3267,39.8633
60,0,20.89,18.2,21,36,39.06,35.4
110,0,25,23.89,23.4633,31.8667,29.7,30.1333
70,10,20,17.5,20.39,34.89,35.9333,37.8333
90,20,20.5333,18.7,21.3233,37.3267,40.2333,35.03
30,0,19.89,17.2,20.89,37.3267,40.7,38
40,0,22.29,18.8233,21.39,35.29,38.73,35.5
50,0,20.89,21.29,21.8567,37.09,35.7233,35.09
80,0,22.23,20.815,22.7,36.39,37.1725,36.1933
80,0,17.89,16.76,18.29,35.8633,37.2,37.5
40,0,22,20.2,22.39,38.09,39.1267,37.5
100,20,21.79,20.7,21.79,38.2667,38.23,37.29
40,0,19.4267,18.6667,19.79,46.29,46.26,45.1267
70,0,21.3233,20.5,20.29,35.2,34.09,36
50,0,24.5,22.79,25.6333,39,39.4,38.79
40,0,18.79,18.29,19.6,46.29,46,44.4667
70,20,22.6,20.89,23.2,43.7,44.03,40.6267
290,0,21.39,20.2,23.8267,37.8267,38.1633,40.49
250,0,25.3233,26.6,28.2,47.93,41.0129,42.09
390,0,19.79,18.0667,21.6633,38.29,39.7,37.7667
30,0,19.6667,18.89,20.3567,45.06,44.6267,43.8633
70,0,19.7,17.7,20.2,36.29,38.4667,35.7
60,0,24.79,27.39,25.12,50.36,44.38,46.86
120,30,23.29,22.1,22.79,40.39,38.6267,45
50,0,20.39,18.2,21.2,39.5,41.03,40.6633
60,0,20.89,19.1,21.6,42,44.59,39
60,0,24.89,23.1333,26.5,47.4,48.7,41.7514
60,0,21.29,19.3233,21.79,37.6567,39.53,36.76
70,20,18.4267,17.79,19.29,43.3267,42.23,42.4
230,30,20.79,20.2,21.6,44.5,42.3633,44.772
160,0,21,19.23,21.6,38.8267,40.23,37.2
90,10,22.1,21.5667,22.5333,42.3633,39.36,43.7667
90,0,21,19.7,20.5,36.5,35.9667,37.23
50,20,21.1,20.39,21.9267,45.7667,43.79,44.5
330,0,20.7,16.79,21.6667,35.53,42.1267,35.6967
80,0,19.5333,17.7,20.2,40.9333,42.0667,40.56
400,20,22.2,21.1,23.32,37.7,37.06,37.4975
60,0,24.26,21.8567,25.89,44.76,46.76,42.29
100,0,25.1,24.5667,25.39,38.9667,37.6267,37.09
80,0,22.2,19.76,22.89,38.29,40.9333,38.045
40,0,21.5,19.2,22.2,38.7,41.73,37.29
70,20,21.79,20.6,21.6,43.3633,44.06,42.29
90,20,22.73,21.55,22.29,43.3633,43.345,42.42
80,0,24.6,24,24.7,38.3633,36.645,37.245
70,10,19.79,18.89,19.8233,36.7667,36.9233,35.9333
120,20,21.6667,20.39,21,37.76,37.9333,37.7
80,0,21.2,17.9633,23.4633,39.29,44.23,38.26
70,0,21.2,17.9267,22.7,35.29,39.2,35.09
70,0,21.15,20.23,20.89,40.545,40.8633,39.378
430,20,20.7,19.7,20.2,38.28,37.59,37.9
50,0,21.2,21.46,21.8567,38.2,38.49,36.56
60,0,21.1,20.5,21.79,39.9,39.7,37.6633
60,0,22,20.1,22.7,36.2,37.5,34.29
20,0,18.89,18.2,19.9267,44.29,44,45.09
50,0,21.6,21.1,21.39,40,39.09,41.5
90,0,22.2,21.6333,21.1,42.695,41.7,44.6633
90,0,24.7,24.29,26.29,52.09,51.045,45.6633
80,30,22.89,21.9175,24.5,44.93,45.0112,40.2
50,0,23.6,21.5,24.6333,37.7,39.2,38.29
180,0,21.9633,21.39,21.89,39.26,37.6633,41.3267
50,0,19.0333,18.3076,19.79,44.03,43.9,45
50,0,19.4633,17.26,20.1,37.6633,39.9667,37.4
50,0,25.1,25.76,26.29,35.4333,30.7,37.178
650,0,20.89,18.29,21.2,36.7,39.6633,36
90,10,21.5667,19.6,20.39,35.4,37,35.59
90,0,21,19.86,22.5167,37.8686,37.0483,36.645
20,0,18.89,18,19.7,43.79,44.1267,43.5
50,0,20.8567,19.2,20.5,37.2233,36.9667,37.09
80,0,22.1,19.73,20.8567,35.53,37.29,36.2233
30,20,21.3233,18.3567,20.79,41.29,46.79,38.5
60,0,20.79,19,21.39,40.09,41.53,40.8267
210,0,19.5,18.96,19.89,38,39.1,36.9667
60,0,22.89,20.6,23.89,36.29,38.09,37.29
30,0,17.89,17.1,18.9175,45.06,45.2667,42.425
60,20,20.89,18,22.1333,36.6267,40.29,34.5
70,0,21,17.7,22.6,35.4,39.59,35.1633
100,10,20.0333,18.29,21.6333,44.0633,41.9567,39.6333
110,20,21.1667,20.6,21.445,45.5667,44.9,42.745
100,10,21.3233,19.89,20.89,38.13,37.1633,37.4667
140,10,16.89,16.2,17.3567,44.6633,44.4667,42.5
130,0,21,19.6,21.79,39,40.4333,37.4
270,0,26.1,26.29,29.1986,41.6267,38.09,37.5243
50,0,22.26,19.9267,23.23,38.1633,40.23,37.1933
190,0,20.0333,19.2,19.9633,45.5,44.1267,44.7
60,0,21.1,19.5667,21.89,39.29,40.9,37.5
40,0,20.6,20,20.2,46.1267,44.5,45.4
110,0,23.6,21.1,24.5,40.79,43.3333,37.9333
60,0,22.7,20.4267,24.5,44.5,46.9333,40.4
70,0,22.1,20.29,20.89,34.4333,35.5,36.1267
560,30,21.3567,19.5667,21.6333,36.09,37.1633,35.03
40,0,19.89,18.3567,20.2,38.6933,37.6633,37.1267
60,10,22.79,19.9267,24.39,41.2,45.4,38.79
100,0,19.4267,17.1,19.79,36.73,40.03,36.59
110,10,23.1,20.5,22.5,36.8633,39.2567,36.09
70,20,25.3567,26.5,26.39,39.1267,34.6633,37.736
50,0,20.89,19.5,21.1667,36.995,36.73,36.53
90,10,20.6667,19.2,19.6,31.93,30.9633,33.1567
50,0,20.5,18.39,20,35.6267,37.29,37.4
40,0,18.89,18.1,19.5,46.79,46.6633,45.0675
60,0,20.1,16.39,20.1,35.09,40.09,37
90,0,23.39,21.6,24.89,45.9667,47.2,40.79
50,0,22.9267,20.89,24.7,41.29,43.036,40
100,10,22.6,21.7,25.23,43.4233,42.63,37.6267
90,0,21.89,19.2,24.39,41.09,44.53,39.9
60,20,20.6,17.89,20.1,36.9333,39.9333,37.4
80,10,24.6,25.29,24.1,33.3267,30.5,35.9
60,0,22.0667,22.1,22.39,39.9,38.2,38.29
40,20,21.89,19.6,21.39,34.8267,36.79,35.29
60,0,20.29,19.5,20.2,43.59,43.09,44.4
60,10,20.79,20,21.74,43.7233,42.5,43.1872
30,0,18.79,18,19.7,46.5,46.5,45
40,0,18.6,17.26,19.0667,40.5,40.9667,39.8633
60,10,24.89,24.718,26,48,46.072,43.856
60,0,20.6333,16.73,21.29,35.2667,40.43,34.9667
110,10,21,19.29,20.4633,41.3975,42.4633,41.9667
50,0,19.89,19.3567,20.8567,42.09,40.7,41.9
20,0,19.4267,18.7,19.79,45.23,44.9,44.4
60,0,22.2,19.7,24.7,43.7,47.5,41
70,0,21.5,18.26,23.1,36.7,40.46,34.5
60,0,23.79,20.8043,24.2,35.06,37.1657,35.4
80,0,23.5333,26.3567,23.79,35.6933,29.9967,36.7
50,0,19.6333,17.29,20.1,37.2,39.8267,38.8267
20,0,22.1333,19.5,22.4633,39.09,41.59,38.8633
70,0,19.4633,16.3233,20.0333,38.4,42.93,37.03
60,0,19.9633,17.4633,20.14,35.3333,36.3633,36.798
120,0,19.79,18.89,19.9633,39.1267,39.1333,39.6267
140,10,23,22.5,22.6,47.6667,41.6633,44.5267
40,0,20.79,19.8567,21.39,44.6567,42.6333,42.4111
80,0,22.5,20.39,22.79,37.5,40.03,37.09
100,20,23.6,22,24.236,37.29,37.3971,36.09
20,0,20.7,18.1,21,35.7,37.245,35.7
50,0,19.89,18,21,36.09,37.3633,36
50,0,20,18.79,20.29,39.6267,38,37.4333
40,0,20.1,19.23,20.5,45.2,44.8267,44.4
110,0,24,22.55,25.1,40.7,41.545,39.09
50,0,19.2,18.5,19.89,43.76,43.775,45
40,0,23.29,21.68,24.5,41.29,41.79,39.29
50,0,21.5,18,23.23,37.5,43.06,37.73
90,0,25.5,25.754,27.1333,46.5,42.08,41.2233
60,0,22,19.5,22.7,34.76,36.73,36.26
60,0,24.73,22,24.55,38.59,40.754,32.8
240,0,22,21.0333,22.5,42.7667,42.4667,41.5
120,0,24.945,23.26,25.79,50.09,50.8333,45.345
70,0,22.79,20.6,24.5,39.4,40.3633,37.9
50,0,21.815,18.8233,22.1,37.3175,40.9333,36.79
110,0,21.29,19.53,21.89,38.7,41.5967,37.2
70,30,20.6,17.5,21.6,36.8333,40.2233,34.8633
40,0,22.1,19.7,24.2,41.59,45,39.79
40,0,21.2,18.7,22.39,39.5,43.09,39
90,0,23.6,22.68,24.29,34.06,32.4,34.4
50,0,21,19.1,20.8233,37.4,37.79,38.73
30,0,20.7,17.1,20.6,36.5,41.4667,37.3267
40,0,20.73,20.2,20.29,36.79,35.4,36.9333
50,0,19.2,17.0333,20.2,37.7,39.9333,37.59
50,0,20.89,20.1,21.1,40.5,39.4,42.7
90,0,24.79,25.025,24.26,35.76,32.57,36.06
60,10,20.5,17.2,20.89,40,46.2,38.2
400,10,22.2,21.6,21.5,44.1567,42.59,44.9
70,0,21.29,18.6,22.5,39.56,43.56,37.59
90,0,22.6,20.175,23,35.26,36.7675,35.4
30,10,21.7,20.79,21.7,46.9333,46.7,46.5
50,0,24.6,22.89,25.7,38.9,39.1267,38.7
70,0,21.5667,19.6,21.89,38.4,40.59,38
70,20,21.79,19.9633,20.6,37.4,38.4,38.5
410,0,21.79,21.6333,21.755,43.06,40.9633,43.9
110,0,24.4065,23.5644,24.8566,37.5288,35.3247,36.7617
30,0,21.23,19.7,21.79,35.8267,37.23,35.7
80,0,24.39,23.1,24.39,35.865,35.2037,33.09
140,20,22.26,21.7,21.7,44.3633,43,44.93
120,0,19.89,18.6333,19.89,36.3633,37.6933,36.2
40,10,18.6,17.5,18.89,39,38.3333,39.9
140,30,22.4267,19.8567,24.3233,38.76,38.9333,37.66
70,0,22,20.89,23.5,41.9,42.4,38.29
70,0,20.79,18.29,20.5333,35.09,36.8267,38.1633
420,10,22.39,22.0333,23.3233,46.0633,43.29,48.1933
120,20,21.7,20.29,21.7,43.9667,44.79,42.59
270,10,21.6333,20.79,25.3233,37.3633,36.6333,39.26
90,0,22.1,21.8233,22.39,45.8633,43.4633,43.6883
40,0,22.26,19.5,22.39,38.76,42.2,37.9333
50,0,21.89,21,23.1667,46.09,45.79,46.2
100,20,22.3567,21.7,21.7,42.5,41,43.06
60,0,21.7,18.89,22.8567,40.5,44.3633,39.4667
90,0,17.1333,16.5667,17.29,46.29,45.5667,43.23
40,0,20.29,18.5,20.89,37.9,38.79,39.23
50,10,20.89,19.6,20.075,33.5,33.95,34.5675
60,10,22.6,25.4633,22.7,32.6933,26.1967,32.53
110,0,20.39,18.8233,20.6,35.26,35.53,35.1267
50,0,21.275,19.2,20.89,36.1817,37.3686,38.3725
50,0,22.29,19.6333,21.79,36.5,39.2,36.29
50,0,20,16.89,20.26,37.09,40.7,37.9
50,0,22.29,19.7,22.39,39.2,41.59,38.8267
30,0,21.6,18.76,22.6333,37.09,40.29,35.9333
30,0,22.0333,23.1,22.26,39.59,36.6633,37.9667
50,0,25.2,26.1,26.2,36.23,31.39,37.5
20,10,21.2,20.29,21.6,47.29,47.4,46.79
40,0,22.2,24.29,23.1,42.09,37.4333,39.09
50,0,20.5,19.6,20.7,39.4633,39.23,40.29
260,0,21.29,20.26,20.79,42.9,37.6333,39.3633
50,0,24.6536,24.1928,26.9147,50.0353,47.9991,44.2836
190,0,21,19.1,21.76,37.7,37.9333,35.9
50,0,23.39,24.5667,24.8567,38.7,34.8267,38.0633
50,0,20.6333,19.6,20.5,43.1267,43.26,44.5
50,0,21.9633,18.79,24.1,40.9333,46.5,39.245
50,0,21.4267,18.7,22.39,38.73,42.23,39.1267
80,0,22.6,22.2,22.39,43.8633,42.6633,43.4889
90,20,21.9267,20.7,23.2,42.5,43.53,39.23
50,0,23.1333,20.815,23.89,36.09,37.745,37.2
60,0,22.1,19.29,24.7,38.4,41.4333,37.4
70,0,21.2,18.1,23.0667,41.79,47.09,38.3633
260,0,24,26.7257,26.7633,42.36,34.4714,40.4
50,0,24.1,21.7,25.39,40.4,42.3633,39.7
260,0,23.39,21.7643,24.76,37.915,38.9571,38.26
270,0,19.5667,18.23,20.4529,41.53,43.09,38.7043
50,0,21.89,19.5333,22.1,38.59,39.6633,37.4
60,0,22.29,19.5,23.26,35.5,37.9,37.1633
50,0,22.1,19.2,22.1,37.5,40.8633,36.79
20,0,21.79,19.1667,22.26,37.4,40,37.2
120,10,19.39,17,19.79,36.9667,40.045,36.7
50,0,21.89,22.9267,22.5,36,32.06,35.7
40,0,20.29,19.29,20.89,42.5,42.09,44.29
70,0,23.7,23.7,23.29,31.9267,29.3333,34.79
120,0,23.39,21.5,22.8567,36.79,37.73,35.9
50,20,21.5,20.7,21.5,46.3633,44.79,43.1267
110,0,21.89,22.1,22.39,34.9,32.26,33.9
60,10,20.6,17.5967,21.6,35.26,38.9333,34.59
70,0,20.5,19.79,21,41.9267,40,40.1633
60,0,20.89,18.39,20.6,35.2,36.7,38
50,0,21.89,19.39,22.89,34.9,36.9667,36.53
120,0,25.5,25.73,25.39,37.16,33.0667,36.09
130,20,21.89,20.73,21.1333,40.1333,38.8333,39.89
70,0,19.6,17.76,19.7,36.8333,37.09,36.7
250,0,22.1,20.6,23.0667,43.2567,44.36,39.4667
20,0,20.1,18.26,20.2,36.2,37.4,38.2
50,0,23.6667,21.5,24.6,37.76,39.2,38.2
40,0,23,22.99,24.29,41.4333,40.4667,38.59
370,0,21,18.39,21.79,40.4,44.06,38.09
50,0,20.9267,19.0667,20.89,37.4,37.9,38.8175
50,0,21.5,19.89,23.23,38.76,38.245,37.0667
90,0,22.4267,21.5667,22.1,40.09,39.9333,40.1529
30,0,21.5,17.89,22.39,38.4333,43.06,37.1267
50,0,19.89,16.6,20.29,36.9,41.4,37.5
240,0,21.3567,18.89,23.2,42.9,46.9333,40.7233
240,0,22.73,20.79,22.6,37.5,37.1933,35.645
130,20,20.89,18.39,20.39,37.8,41.06,37.4667
150,10,16.89,16.2,17.29,44.56,44.4,42.3267
40,0,20.39,18.2,21.2,39.56,41,40.59
120,20,22.6,20.79,22.79,41.73,40.93,39.1633
270,0,21.23,19,23.1633,37.0267,39.06,37.56
50,0,20,17.5,21,38.2,41,37.29
80,10,22.2,21.495,20.7,33.6633,32.7,35.5
50,0,21.23,18.29,20.3233,35.3633,38.4,36.9
50,0,23.0333,20.6833,25.29,39.7,41.4,37.59
570,10,24.89,23.56,23.6,32.6667,31.14,30.8233
100,0,22.23,20.1,21.79,34.59,36.06,34.2
60,0,22,23.7,22.76,37.73,33.7233,36
60,0,19.7,17.89,20.29,41.06,41.9,40.7
50,0,21,19.1,21.6,41.5,44.09,38.7
60,0,20.29,18.39,19.7,33.4,33.5,34.9333
60,0,20.39,16.79,20.2,35.2,39.8633,37
390,10,19.6,19.2,19.39,38.8633,37.73,40.1267
490,0,24.4718,23.5081,27.3184,52.8316,52.1997,46.5018
290,0,19.79,18.4633,20.29,39.93,39.5,37.1633
60,20,22.79,21.89,23.29,45.4,44.6175,45.4
440,0,21.4267,19.7,21.89,41.5967,41.1567,37.4667
40,0,19.89,17.5,20.6333,37.8633,40.2233,39.5667
190,10,25.5,26.54,28.2,47.06,41,41.53
110,0,23.2,21.89,27.0667,41.5633,39.36,37.1
120,0,25.5,25.0286,26.2,48.4333,46.6214,45.1214
360,0,18.1,17.29,18.1,37.06,36.26,38.56
60,0,20.0667,17.2,22.0667,34.4667,37.79,35.1633
50,0,19.2,18.6333,19.39,44.7,42.9333,43.6567
110,20,21.89,19.7,21.89,34.7,36,34.645
80,0,23.0667,21.6667,24.1,36.23,34.5,34.1567
70,0,21.15,20.0667,21.1,40.59,40.9667,39.79
140,20,24.39,23.8233,25.2,38.5967,36.73,38.4
50,0,25.1,25.6,26.2,35.2,30.73,36.834
40,0,18.7,18,19.7,46.29,46.5,44.59
70,0,24.76,27.3614,25.1,49.99,44.7286,46.6
40,0,20.73,18.1,20.1,38.09,40.59,38.09
80,30,20.1,19.1667,20.5,40.3633,40.6933,38.9333
50,0,21.4267,19.4267,20.9267,40.5667,41.1267,40.5
20,10,20.1,19.075,20.39,40.4,38.45,37.1725
50,0,21.4175,22.4267,22,39.645,37.26,37.1633
50,20,17.79,16.79,18.2,37.8267,37.1633,38.8633
120,0,22.1,21.1333,22.7,39.5225,39.6633,37.7
50,0,24.2,22.5,25.76,39.76,41.09,39
40,0,18.89,18.2,19.8567,42.2,41.29,43.29
70,20,22,20.7,21.6333,38.09,38.6633,37.5
50,0,24.5,23.39,26.29,38.4333,37.23,38.09
50,0,19.39,17.2,20.1,37.59,39.9,37.4
60,30,20.7,19.39,21.39,44.7,45.59,42
70,20,21,18,22.1333,36.9,40.9633,34.59
70,0,22.1333,21.4633,22.6,42.09,40.4667,43.29
50,0,21.2,18.7,22.6,37.2,39.59,36.56
270,0,21.79,19.7,23.3567,32.8267,33.4333,38.4
90,0,22.7,21.7,24.1,40.3333,39.03,37.6633
170,10,19.7,19.6333,19.6,35.03,33.86,35.4
100,0,21.9633,20.76,23.1,41.7,42.5,38.4
50,0,20.29,17.5,22.29,34.2,37.145,35.2
30,0,17.79,16.745,18.1,40.7,41.2,40.09
60,0,21.23,18.29,21.7,37.86,40,36.29
120,10,20.1,18.9633,18.5667,43.6933,36.9,39.6633
40,0,19.89,18,20.1,36.2,37.5,38.254
40,0,21.39,20.5667,20.89,42.1633,41.3267,44.7
60,0,21.4267,18.3233,22.2,37.4333,41.9,37
60,0,21.79,20.4633,22.79,38.8267,40.4333,37.2
260,0,23.29,23.3471,24.2,35.1267,33.5771,35
60,0,25.1,26,26.29,36,31.39,37.3843
60,0,22.89,20.5,23.2,40.26,42.79,39.5
30,0,22.1,19,23.1,38.4333,43,38.2233
130,20,23,22.39,22.6,44.3633,40.9333,43.7
40,20,22.1,21.5667,21.77,44.59,42.79,45.4889
20,0,17.6,16.6,18,41.145,41.7,40.2
70,20,22.1,19.6,21.39,35.09,37,34.4333
500,0,19.7,18.89,19.89,45.59,44.23,44.9
130,10,21.79,21.0667,22.0333,40.6633,39.8267,44.4333
60,0,21.315,17.6,22.29,38.5675,43.8267,37
50,0,20.3567,17.5667,20.89,37.1267,40.23,37.6633
110,10,21,20.7,21,45.2567,42.43,42.7
80,0,22.1,19.8567,21.2,37.09,38.6633,37.7
130,10,20.4633,19.79,19.89,40.1667,35,36.3633
110,0,23.1,21.39,25.5333,39.1267,38.23,35.2
50,0,21.0333,19.2,21.76,41.1267,43.4333,38.5
60,0,22.5,24.6,23.1,42.1633,36.8633,39.2
90,0,20.1,19.2,19.89,45.3267,43.7,44.79
50,10,21.4267,20.6,21.675,47.03,47,46.7
40,0,20.3567,17.5667,20.89,37.2,40.29,37.59
40,0,20.7,19.1,20.575,36.79,37.7,36
40,0,21.79,21.2,22.6333,45.53,43.8267,45.09
50,0,21.7,18.2,23.7,39.59,44.9,38.3267
70,10,23.39,21.9686,24.29,37.79,37.5,36
70,20,22,18.6,22.4633,38.6633,42.5,37.7233
590,30,19.8567,18.7,18.4267,47.6633,34.1,37.8333
50,0,21.29,19.9633,19.79,35.2,35.6267,36.9
70,0,23,20.6,25.29,39.7,41.4,37.59
40,0,21.745,20.89,22.225,44.79,44.09,44.8206
160,0,22.7,21.0333,22.89,36.7,37.59,37.29
60,0,24,22.39,26.6333,44.9,45.356,40.29
180,0,22.3567,21.2,23.89,40.7667,40.86,36.3633
50,20,21.73,20.7,22.39,48.5,46.29,44.9333
70,10,18.1,16.79,18.39,36.9,37.7,37.4333
50,0,20.9267,20.39,21.39,45.29,43.7,43.6267
70,0,20,18.1,19.6,33.29,34.4,35.29
50,0,20.7,20,20.2,46.2,44.4333,45.5
70,0,22.39,20.29,25.2,45.7233,49.06,39.89
120,0,21.8567,20.9267,21.6667,50.3667,45.5267,44.5567
120,0,23.39,21.5,22.79,36.6633,37.79,36
220,10,21.76,20.53,23.8567,46.53,47.6967,43.2
420,30,22.5333,21.2,21.89,42.73,41.79,44.6817
110,0,19.8233,19.1,20.2,38.79,38.1267,37
60,0,20.76,19.2,22.0667,40.9267,41.33,38.96
60,0,22,21.2,21.5667,41.4333,40.59,42.59
40,0,20.9633,20.39,20.7,38.79,36.9667,38.9333
50,0,22.0667,19.1667,22.1,37.5,40.8633,36.79
30,0,21.6,20.89,22.29,44.9,44.3267,45
50,0,22,20.4633,22.3567,38.09,38.9,37.53
140,20,22.6,20.2,23.6,37.36,37.6933,35.8267
40,0,23,20.2,23.1,38.09,40.79,38.59
30,0,19.73,19,18.6,37.2,36.79,38.29
80,0,21.39,18.9267,23.26,42.6333,46.8633,40.4633
50,0,22.0333,19.5333,22.29,38.9333,41.29,38.79
110,0,22.1,20.39,20.89,34.59,35.6633,36.29
100,10,20.6,18.7,20.1,33.79,34.59,35.2
120,0,21.6,18.7,22.6,36.6567,40.06,36.23
80,0,20.29,19.89,19.79,44.2,43.4,43.79
40,0,21.2,20.5,21.7,46.2,45.4,44.3572
30,0,21.79,23.1333,22.79,37.79,34.4667,35.79
50,0,21.6667,20.89,22.6,42.6633,42,43.77
60,0,21.23,18.29,22.29,38.1267,41.2,37.9
100,0,23.5,22.5571,24.1571,39.9667,35.4686,34.2643
50,0,25.1,25.7,26.29,35.29,30.6667,37.054
80,20,22.6,21.1333,23.1,38.79,39.26,37.5
80,10,20.6,19.1333,19.7,32.46,32.4267,32.9667
190,0,21.3233,19.79,22.7,37.9,38.9633,36.59
70,0,22.5,21.39,23,39.76,40.39,38.9633
80,10,18.39,17.7,19.5,43.76,42.6267,43
70,0,23.2,22.8567,22.79,38,36.2233,38.09
60,0,25.26,25.5625,26.73,47,43.9,42.2
230,0,21.65,19.79,20.3233,36.995,36.7,35.6267
60,0,21.6,19.89,23.1,44.4,46.59,41.79
740,20,19.5,18.26,19.89,42.1333,39.1967,39.1933
50,0,21.79,19.2,23,35,37.4,36.79
80,0,22.0333,23.39,22.9633,38.9333,36.03,37.59
40,0,25.6,26.236,26.29,46.79,42.9,43.44
50,0,20.9267,21.29,21.79,37,35.43,35.09
90,10,24.8809,25.0486,26.4102,46.5398,42.7484,41.5109
120,0,21.55,20.29,21.7,39.995,39.53,37.79
40,0,19.5333,18.79,19.89,44.9333,44.2,44.6267
90,0,22.73,21.89,22.0714,39.8633,39.59,40.1686
40,0,19.6,18.79,19.8233,46,45.9,45.23
50,0,22.2,20.1,23.5,43.4,44.7,40.9
50,0,22,20.0857,20.7257,36.5257,37.0929,37.9
30,10,19,17.4633,19.5,39.9333,40.5,40.09
70,0,25.29,24.39,26.02,48.8267,48,45.2
40,0,21.39,20.1,21.89,43.2,43.79,42
40,0,21.39,18.89,22.6,37.09,38.8267,36.4
50,0,20.39,18.5571,20.6,37.9,39.0257,38
50,0,18.6,17.29,18.9267,38.9667,39.5,39.09
60,0,24.89,23.54,26.39,47.9,48.29,43.7257
50,0,22.89,21.1,25.0667,45.9,47.8267,42.2
130,0,21.26,21,21,43.59,41.43,42.26
60,0,22.1333,22.5,22.1,37.3633,35.5,36.53
50,0,22.6,22.0667,22.29,44.6267,43.2967,45.26
60,0,19.89,18,20.39,36.59,37.26,37.29
50,20,20.79,19.26,21.89,38.1567,39.36,34.9
120,0,21.9633,20.6,23.0333,40.9,41.79,38.53
50,0,21.79,19.5,22.5,38.5,40.6333,37.9
30,0,17.945,17.1333,19,44.2,44.59,42.1267
60,0,20.89,19.46,22.1,40.73,42.76,37.9
60,10,20.7,21.5333,21.5,36,33.8333,34.7
270,10,19.4475,18.1667,19.89,43.97,39.6333,39.4
50,0,22.1,21.79,21.9022,44.9667,43.59,44.4611
50,0,22.6,20.0667,22.1,38.79,41.7,37.59
190,30,25,27.6667,26.29,40.1333,33.06,37.7
100,0,21.1667,20.3233,20.6667,37.5933,35.4567,38.6333
50,0,19.6,17.0667,20.7,38.4633,41.09,37.1933
60,0,23.6,20.29,24.2,35.4,38.4143,36.5129
40,10,20.79,18.5,21,38.29,39.8267,40.1267
40,10,19.29,18.79,19.5,44.7967,44,44
90,0,21.5,19.79,21.89,44.995,43.5,38.5267
110,30,23.39,21,24.7,40.1633,42.6333,37.9333
110,30,21.7,21.0667,22.5,41.03,39.99,38.7
100,0,22.23,23.8567,23.1,38.9333,35.1633,37.7
50,0,21.89,19.6,24.1333,41.79,45.2,39.9
80,0,22.1,20.29,23.76,42.4667,44.29,38.1633
100,0,20.9633,18.6,20.3233,39.1633,41.24,37.79
130,0,20.89,17.89,21,35.7,39.245,35.2
70,0,24.7,25.2,24.2,33.4333,30.5,36
30,0,21.2,18.5,23.2,38.26,41.45,36.29
30,0,21.4267,19.5,20.6,37.79,38.59,38.59
20,0,23.26,24.9267,23,28.9967,24.0633,32.06
50,0,20.6333,19.7,20.1,35.03,34.73,35.3267
50,0,21.29,18.4633,22.1,35.76,38.06,35.9
40,0,21.5667,20.6,21.4633,42.59,42.7,43.59
70,20,19.79,19.1,20.1,47.4267,45.03,45.29
410,0,24.3991,23.2342,27.4798,53.9502,53.88,47.3891
60,0,21.29,19.7,20.89,38.9333,40.36,38.1267
50,0,24.6,21.89,24.2,37.8633,39.9429,32.06
50,0,19.89,17.6333,20,37.8,40.4267,36.9
50,0,21.39,18.7,22.79,38.29,41.8267,38.1633
160,0,20.2,19.29,20.39,43.9233,41.3333,41.3267
50,10,19.6,17.79,20.3233,41.0267,41.9633,40.7
430,10,20.1333,18.9267,19.76,41.9,42.7967,40.9967
50,0,21,20.5667,21.79,36.7,35.73,35.2
100,20,21.1,19.5667,20.76,40.35,40.43,41.4333
60,20,20.8567,18.29,19.89,36.4,39.7,37.59
50,0,19.73,17.26,21,38,40.9667,37.53
200,20,23.5,22.39,24.29,35.1633,34.134,35.156
50,0,22.1,19.79,23.79,43.6633,45.6633,39.29
70,0,21.8233,20.1,22.6,36.4,37.925,34.2
100,0,22.29,20.1,22.2,36.2,38.2,35
50,20,21.5333,19.1,21.1,41.09,45.1267,39.3267
110,0,23.5,22.6571,24.18,34.6567,32.5514,34.054
50,0,21.7,19.1,22.4267,38.79,41.7,39.03
50,0,20.5,18.6,21.29,39,40.26,38.7
100,0,21.89,20.4633,23,41.5,42.5,38.4
40,0,22.4529,21,21.2563,36.9857,37.59,37.6475
50,0,20.89,17.89,23.1,40.7,45.29,39.79
230,0,21.5667,20.79,22.1333,38.1333,36.2233,38.8633
110,0,22,20.26,21.89,41.1633,42.73,38.4333
90,0,22.5,22.6,23.1,41,38.6267,38.76
120,0,21.39,18.6,22.89,39.795,44.56,37.2
50,0,21.2,23.5333,21.79,44,39.43,40.5
50,40,19.89,19.2,19.79,46.0667,44.59,45
80,0,22.1,21.2,23.29,41.6267,41.59,38.09
50,0,20.4633,17.76,22.3233,34.09,36.59,35.2
60,0,20.39,17.5,22.9267,37.5,41.7667,36.53
60,0,20.9633,20.29,22.0333,41.9,40.7233,41.03
60,0,21.39,20.6,21.39,41.2,40.5,42.5
40,10,21.6,22.4633,22.1,39.26,36.76,37.2
90,0,22.8567,23.1,27.1333,36.7967,34.03,37.99
50,0,21.29,22.3333,22.6,37.145,35.6967,34.5
90,10,22.29,20.23,21.6333,38.53,40.1567,36.59
40,0,18.89,18.29,19.89,42.1633,41.4,43.23
190,0,21.1667,19.4267,21.73,46.46,41.2967,37.2
100,20,21.39,19.7,20.8567,42.33,41.8267,41.6933
90,10,19.6,18.6633,19.1,32.8333,33.36,33.19
70,0,21.1667,20.5,22.39,41.7,40,43.09
40,0,19.5,17.4633,19.7,34,35.26,36
40,0,19.89,19.2,20.4267,45.4,45.03,44.23
50,0,20.39,18.79,19.9529,35.8,35.73,36.8843
40,0,21.39,19.39,20.6,37.9,38.29,38.7
70,0,20.79,19.1,21.8233,38.29,39.79,35.23
50,0,21.2,20.39,21.7,43.4633,43.3633,43.79
60,0,22,19.7225,22,39.5,42,38.29
280,10,23.3567,22.79,24.5667,44.0667,42.09,47.8
50,0,24.2,23.79,25.6,47.1567,46.1567,42.59
140,0,22.3233,22.315,24.9633,46.4233,43.4,42.39
60,0,24.79,22.1,24.6,38.59,40.9,33
50,0,21.1,17.89,21.5,35.59,38.29,35.03
80,0,23.39,23.5429,24.29,42.9,40.8257,38.9667
50,20,20.1,17.7,20.7,35.7,37.545,35.9333
40,10,21.39,20.79,20.2,44.56,43.8633,45.6633
120,0,19,17.6667,18.7,38.8267,39.6633,38.6633
40,0,20.89,20.29,20.39,44.2,43.4,43.56
30,0,20.29,17.29,20.1667,37.5,40.5,38.06
40,0,24.1,22.4633,25.39,47.7,49.3267,42.6633
50,0,19.76,17.5667,20.1,37.79,40,37
310,30,20.8567,20.4633,20.5333,47.4633,46,45.59
60,10,21.7,20.7,22.29,46.53,45.9,44.53
50,0,21.1,20.3233,21.2,40.29,39.2,42.7
80,0,20.5333,19.1,21.2,42.53,43.4,41.26
80,20,22.2,21.26,21.6,41.79,41.5,43.29
60,20,21.6,19.79,23.1,44.29,46.4,41.7
370,0,20.5333,19,21.5967,41.23,40.36,39.1633
90,0,21.3233,23.3233,22.39,38.9667,33.1267,35.2
30,0,17.79,17.1,18.4633,42.8633,42.5,43.59
120,10,22.39,20.7,22.2,39.79,41.8633,38.29
50,0,21.89,22.0333,22.29,38.59,36.23,36.79
60,0,23.29,20.89,24.5667,41.2,43.79,39.5
50,0,22.6333,20.79,23.39,37.3267,38.53,37.56
50,20,22.0333,20.79,21.89,44.53,44.4,44.06
120,20,23.5,22.478,24.5,38.23,36.254,35.5
50,20,21.39,20.79,23,42.59,41.6567,42.9667
110,0,22.89,21.2,24.29,43.29,44.29,38.9667
120,0,20.6,19.9633,21,42.3633,40.6633,40.5225
100,10,22.6,21.0667,26.0667,43.29,44.1933,39.1967
20,0,18,17.1667,19.1,43.7,44.29,42
70,0,21,20.76,22.1333,40.4975,40.4633,38.03
60,0,22.6,20.29,24.8567,39,39.845,36.26
20,0,19.76,18.9175,19.89,46,45.7,45.1633
50,0,19.89,18.0333,20.1,36.2,37.5,38.2386
310,10,21.2,20.6,20.1,45.09,44.09,45.5
70,0,24.2,26.08,26.73,41.9,35.276,37.9333
50,10,20.79,18.9267,20.2,41.1333,41.2233,41.6633
70,0,21.89,19,23.2,35.79,38.4,37.2
50,0,21.5667,19.89,20.2,40.5,40.03,39.7
50,0,23.2,21.1,24.76,40.59,42.29,39.4
120,20,21.89,20.26,22.4633,37.7667,36.2233,35.9667
70,0,23.1,21.1,24.6,45.6633,47.09,40.59
100,10,20.79,19.6,21.1,40.56,41.06,39.59
40,0,18.6667,17.89,18.1333,36.76,35.86,37.76
50,0,19.9633,17.79,20.39,35.7,37.26,34.93
50,0,21,17.8567,20.23,35.29,39.1633,36.8267
40,0,19.7,19,19.8567,46.1267,45.4,45
40,0,19.5,18.29,19.79,41.29,41.5,40.7
40,0,21.79,18.29,21.5333,35.09,39.59,35.79
90,0,21.4267,19.2,23.3567,36.36,38.36,34.99
70,0,22.79,21.2,22.6,40.895,36.3633,35.5
60,0,24.79,24,26.5429,47.9,47.7,42.09
70,0,20.7,19.29,21.5667,38.26,37.76,37.29
60,0,22,18.8567,24.1,40.9,46.4667,39.29
50,0,18.6,17.6,18.89,38.1933,37.9333,39.9
60,0,20.79,19.1,21.89,38.29,39.9,35.4
40,0,22.29,22.89,22.29,38.8633,36.59,37.9667
60,0,24.7,23.6667,26.5,47.7,48.23,42.09
160,0,24.8233,24,26.2,52.6567,52.1233,45.8267
50,0,22,19.3567,22.89,39.09,42.7,39
310,0,20.6,19.39,22.1,39.0667,38.2233,38.9267
50,0,21.1,17.79,21.1,35.59,39.5,35.4
80,10,22.36,19.5,23,39.6333,40.54,34.3667
150,20,22.89,21.1,22.73,41.69,37.9667,36.79
750,30,22.43,21.9267,21.23,43,40.1333,42.5967
50,0,18.76,18.1,19.79,42.23,41.5,43.2
40,0,19.8233,18.89,19.1,37.23,36.9,39.56
390,10,21.89,21.2,20.5,41.73,40.9333,44.26
60,0,21.39,18.79,22.79,41.7,44.3633,39.4
160,40,20.2,18.39,20.5667,38.8633,39.9333,37.5667
100,10,20.7,19,20.1,33.4333,34.6333,34.6633
60,0,23.9633,21.9633,24.39,37.9,39.09,37.59
50,0,22,18.89,22.6,35.9,38.2,35.9
50,0,21.39,18.6,22.1333,39.73,43.79,38.3267
50,0,21.89,20.39,23.05,44.56,46,41.745
110,30,21.79,20,21.29,38.9633,38.73,38.9667
50,0,21.89,19.2,22.39,39.09,41.59,38.9
110,0,25.4267,25.5429,26.254,50.9,47.8371,46.678
40,10,19.73,17.79,20.0857,36.29,36.9667,38.1243
50,0,22.0333,21.4267,22.6667,44.9633,43.73,45.26
50,0,22.76,20.39,24.6,39.59,41.1267,38
40,0,20.2,18.6,20.79,39.9,41.29,39
40,0,19.1,17.6667,19.6,39.09,39.56,40.5
60,0,22.2,19.7,24.7,43.7,47.5,41
50,10,21.79,20.1,21.39,39.9,40.79,40.59
50,0,24.1844,23.2424,24.8961,38.7848,37.5208,37.5019
50,0,24.39,23,26.39,38.4,37.8633,38.2225
50,0,22.39,20.3567,23.5,41.7,44.1567,40
40,10,19.79,18,20.89,36.0667,37.4,35.9
70,0,25.2,23.8471,26.29,48.4333,48.4986,45.09
70,0,21.39,22.595,22.39,40.595,38.9975,38.4
60,0,20.7,18.89,21.79,43.09,44.5,42.7
40,0,19.89,19.29,20.39,45.29,44.845,44.2
60,0,22.89,21.6,22.89,36.3633,36.4,37.6267
70,0,22.7,19.9633,23.6,36.6333,38.09,34.03
130,0,21.2225,21.23,22.1,43.3425,41.79,38.9667
90,0,20.1,18.2,20.5,38.6567,40.0667,38.5
20,0,19.5,17.29,20.29,37.59,39.7233,35.8267
60,0,20.5333,19.3567,22.0333,39.5267,38.3633,39.26
80,0,21.39,20,20.1,33.73,34,35.59
70,10,21.89,20.9633,20.89,39.4,38.79,41.3633
90,20,21.5667,19.29,23,37.36,36.8,34.79
80,0,21.4633,20.6,21.5,45.8633,44.5667,44.2
40,0,22.5,19.3567,21.5,35.06,38.2,35.5
70,0,21.29,18.2,22.2,37.3,40.8,37.4
50,0,21.79,19.1,23.5,42.2,45.7,39.09
110,0,21.9633,20.76,23.1,41.7,42.5,38.4
50,0,22.2,21.6,21,41.09,40.4,42.5
30,0,20.1,16.5,20.3567,35.66,40.1667,37
60,0,20.79,21.2633,21.89,37.09,36.4233,35.09
200,0,20.6,21.96,23,38.6633,36.43,35.26
80,0,21.5,19.1,22.5,40.5,44.2,38.29
90,30,20.7,18.3567,20.2,39.6933,41.2667,37.9333
30,0,20.5,19.6,20.9267,42.245,41.79,44.29
110,10,19.445,17,19.79,36.79,40.1633,36.59
90,10,22.29,21.89,22.7,43.9333,42.8633,41.4
50,0,21.29,17.7,22.29,38.56,43.9,37
70,20,21.4267,21.73,22.79,41.6267,40.99,38.29
270,0,22.89,22.7,27.29,36.6633,34.4667,38.5
70,0,21.39,20.7,22.5,43.5667,42.56,41.9667
20,0,20.6833,18.7,20.89,37.2933,38.9829,38.5257
230,0,20.1,18.79,19.79,34.9667,35.5,35.7
60,0,20,18.39,20.39,37.09,37.06,35.79
50,0,22.39,20.6,23.1,33.8633,34.0667,36
80,0,22.39,20.89,21.5,40.2,41.23,40.7
70,0,20.89,20.2,21.6667,42.9333,40.26,40.9667
80,0,23.4267,20.7,24.7,38.79,42.03,37.26
50,0,19.7,17.5,20.29,36.3175,38.79,36.06
270,10,20.365,19.29,21.6333,39.35,38.1633,39.6267
70,0,20.6,19.6333,21.39,38.1567,38.1333,36.6633
50,0,24.5667,22.89,25.7,38.9333,39.26,38.7
60,0,22.29,23.39,22.5667,38.745,35.2,38.7
60,0,21.79,19.4267,23,40.9,43,39
50,0,19.89,17.2,20.89,37.4,40.7,38.06
60,0,22.29,19.5,23.23,35.53,37.95,37.1267
60,0,21.73,19.29,22,36.2,37.7,35.79
70,10,23.39,20.5333,23.79,39.5,43.03,37.59
60,0,22.0667,25.865,23.2,39.56,32.62,37.59
50,0,19.89,18.1333,20.29,35.8333,36.8333,34.8633
20,0,19,18,19.2,37.5,37.4,40.09
100,0,25.5,24.736,26.2,49.1267,47.42,45.5
690,10,22.5333,22.0667,22.39,45.0267,39.79,41.93
120,0,24.1,28.6,25,36.55,28.754,36.9667
130,0,20.29,20.23,20.5667,39.2,38,38.5
50,0,22.5667,21.79,23.1,42.29,41.09,42.73
50,0,20.7,18.79,20.73,35,35.7,36.4
300,20,21,19.76,23.3233,38.0267,37.0267,38.09
100,0,22.6667,21.1667,22.6667,38.9667,39.59,37.76
100,0,23.7,22.6,24,43.2633,39.89,40.1267
260,0,21.5,19.9267,22.8233,40.1,38.3333,38.9667
70,0,19.4633,18.7,20.0667,39.89,36.7,35.6333
70,20,22,20.7,21.73,38.4,38.73,37.29
60,0,21.5,18.89,22.7,38.2,41.7,38.2
50,0,21.79,19,21.79,36.76,39.79,36.5
60,0,20.6,17.1,21.1667,35.59,40.2,34.3633
110,0,22.1667,19.89,22.5,36,37.1267,33.79
70,0,21.4633,19.76,21.79,41.36,40.83,36.3267
120,0,24.4649,23.6492,24.8462,37.1983,34.7468,36.5669
50,0,24,24.3233,23.39,30.5333,27.2633,33.53
210,0,22.23,21.53,22.4633,45.2933,41.6567,41.4
130,0,20.2,20.6,20.0333,37.1567,35.5267,36.23
50,0,19.76,18.7,19.3233,32.9667,33.23,32.8267
80,0,21.0333,19.5667,22.7,40.3633,39.6567,41.4967
50,0,21,18.9633,22.7,33.5,33.9333,34.9
120,10,17,16.2,17.39,44.1633,44.245,42.09
50,0,22.39,19.29,23.39,37.7,42,38.8633
70,0,20.3567,20,20,43.7,43.06,43.9
60,0,20.89,17.6333,22.5333,36.2667,40.2333,35.1267
50,0,21.6,18.79,21.7,36.9,40.06,36.59
140,20,22.7,21,22.2,36.8267,38.03,36.2
50,0,22.2,23.1,22.2,39.29,36.59,37.9
90,0,22.1667,20.1333,21.7,35.4333,36.4,34.53
20,0,20.29,19.6333,19.89,44.5,43.8267,43.7
60,20,23.1333,22.5,23.5667,42.29,41.245,42.9
560,0,21,19.29,21.7,38.9,40.2,37.2
50,0,22.79,20.6333,24,42.86,45,39.3267
50,0,19.5,17.79,20.8614,37.2,38.7,37.0643
60,0,23.89,24.39,23.29,29.7267,26.3267,33.26
40,0,19.39,18.1,19.1,40.29,40.4,39.5
60,0,22.79,20.2,23.29,39.9,42.9667,39.59
50,0,22.39,21.5,22.6333,39.4,38.53,38.36
40,0,18.39,17.5,18.5,38.79,38.79,39.29
60,0,23.39,22,24.6,44.9,44.834,41.5
50,0,22.29,21.6,22.6,45,43.56,45.23
70,0,21.73,23.1,22.7225,37.7,34.5967,35.7225
60,0,22.29,21.7,22.6,39.59,38.4667,38.4
120,0,22.1,20.1,23.6,43.73,45.9,40
330,0,20.79,19.39,21.5,38.03,37.79,36.9
60,0,23.2,23.39,24.5333,46.8267,43.9814,41.8633
40,0,18.79,18,19.7,46.5,46.5,45
60,0,21.89,20.5,23,44.5,45.9,41.7
210,0,23.7,27.39,25.1667,39.6933,32.618,37.43
60,10,23.79,22.736,24.5,41.5,40.478,38.5
120,0,23,23.1,23.1,35,32.8267,35.5
60,0,20.8233,19.9175,20.79,41.9333,41.7,44.59
110,0,24.79,24.6667,24.6,37.9667,34.5267,36.79
300,0,22.3567,21.89,24.0667,43.53,40.26,42.5667
20,0,19.89,19.2,20.5,45.4,45,44.29
50,10,22,19.1,23.7,41.1267,45.1267,38.3267
60,0,21.89,20.23,22.89,39.09,40.4,37.76
110,20,21.7,21.2,22.6,41.9,40.59,39.23
120,30,21.79,20.7,23.3961,44.4333,43.4667,45.7706
50,0,20.1,19,20.29,40.2,38.29,37.4
90,0,22.5,22.29,25.5667,39.0933,35.79,36.3333
50,0,22.4633,20,23.9633,41.5267,44.7,39.4667
50,0,21.29,18.3567,20.39,35.29,38.3267,36.9
60,0,20,18.4633,20.39,36.9667,37.06,35.79
30,0,21.55,20.8567,20.29,42.29,41.4667,44.2
70,0,25.6333,26.456,26.2,46.8267,41.834,44.054
120,10,21.1,19.5333,20.7,36.9667,37.03,37.59
120,0,21.5,19.245,21.1,41.1933,44.295,38.9
280,10,22.4267,22.36,25.6667,42.5633,40.36,42.86
80,10,20.7,20.4,21.43,35.29,36.0667,34.6
60,0,22.8233,19.9633,23.2,38.03,41.03,38.59
50,0,20.5,16.89,20.39,36.29,41.59,37.2
170,0,23.175,21.3567,22.79,34.82,34.5267,35
140,10,23.1,22.5,23.1,38.59,36.7,36.79
30,0,21.7,18.8233,22.7,40.09,44.23,38.6267
70,0,20.89,19.0667,21.6,42.5,45.1633,39.1633
50,0,22.3233,21.0333,22.6667,38.9333,39.1267,38.2233
340,0,19.9267,18.1,21.3933,37.26,37.9,38.9667
60,0,22.79,20.1667,23.29,39.79,43,39.59
190,0,23.29,22.6,24.2,38.25,36.4267,39.9175
70,10,21.2,18.89,22,39.73,43.09,38
150,20,24.7,24.1,24.6,37.93,36.2,36.9
60,0,21.6667,21.29,20.5333,38.9333,37.6628,40.29
60,0,24.2,22.4725,25.76,39.7,41.0675,39
110,10,20.76,19.7,19.89,35.23,33.6333,35
70,0,21.6,18.5,22.5667,35.2,38.5,34.5
50,0,22,19.29,24.4267,41.2,44.5,39.8267
100,0,22.89,21,24.1667,43.1633,44.73,39.2
210,20,21.39,19.4267,21.7,38.36,40.1267,37.2
100,0,21.8567,21.29,22,39.4,37.9667,41.7667
60,0,21.26,18.2,23.6,41.2,45.4,39.5
30,0,21.6,18.8567,20.2,36.03,38.8633,36.5
60,0,19.3567,18.675,18.6,38.79,38.2,39.7
90,0,19.29,18.7,19.29,40.6633,39.7,42.09
80,0,20.26,19.29,20.5,44.1967,41.73,41.4667
50,0,25.5,23.79,25.812,39.5,40.1633,34.054
60,0,22.26,20.2,23.39,43.4667,44.53,40.79
50,0,24.2,25.4214,26.26,41.6633,36.09,37.29
20,0,18.1,17.1,19.1667,43.4,44.2,42.09
100,0,23.73,22.87,24.29,40.1633,38.754,37.9667
100,10,20.23,18.39,21.29,42.1633,42.9333,39.23
20,0,18.79,17.89,19.6,43.7,44.1633,43.1633
60,0,21.9633,19.7,23.1333,43.1633,45.23,39.59
50,0,23.2,20.5667,23.2,38.2,40.5,38.59
370,0,21.29,18.2,22.1,38.1633,42.59,36.9
110,10,21.1,20.6,20.5,42.59,41.5,41.73
50,0,24.89,27.4057,25.79,48.7667,40.7929,45.5257
90,0,22.0667,21.5,20.6,41.8633,41.2,44.09
40,0,17.8233,16.79,18.1,40.4633,41.09,39.9667
430,30,20.2,18.39,21.0667,40.9,41.4667,40.09
60,0,21,18.5,22.6,37.59,40.2,36.79
50,0,23.2,23.73,23.23,37.2,33.4667,37.53
60,0,24.2,21.7,25.89,44.7,46.79,42.2
60,0,24.2,21.8567,25.39,40.29,41.9,39.5
40,30,21.39,19.7,21.1667,42.5,42.9333,41.29
60,0,20.89,18.39,21.79,40.7667,44.5,38.1267
50,0,23.4633,24.6333,25,38.26,33.9333,38.2
50,0,19.4633,17.29,20.1,37.6633,40,37.3633
20,0,21.89,25.0667,23.29,39.7,34.6233,37.53
50,0,22.29,20.1333,23.6,42,44.76,40
90,0,22.2,23.79,23.075,39,35.26,37.6725
60,20,22.0333,19.79,21.6667,38.1267,40.4333,36.76
90,0,21.6,20.39,21.2,39.29,39.4,39.5
40,0,21.5,20.89,23.1,42.59,41.59,43.09
50,0,20,18.6667,20.2,39.45,37.79,37.29
80,0,22.29,20.89,22.7,36.39,37,36
50,0,21.29,20.4633,21.9878,46.2667,45.2,44.2128
40,0,19.89,17.4267,21,38.09,40.9333,37.29
70,0,25.29,27.0714,26,47.8633,41.2,44.79
50,0,24.1,21.79,25.5,47.79,50.79,42.7
50,0,21.6333,25.1,22.6,36.4333,30.6333,35.09
50,0,21.76,23.79,22.1,43.53,38.09,40.7
70,20,20.5667,20.5667,20.1667,37.59,35.7,37
60,0,23.6,22,23.6,35,35.1633,35.56
50,0,23.29,21.4633,23.29,34.3267,34.59,35.9667
50,0,24.2,21.89,26.29,47.6633,50.09,44.59
60,0,20.39,19.2,20.06,35.2233,34.6633,37.96
100,0,24.4267,24.6271,24.6,36.39,34.4971,33.59
50,0,19.89,19.3233,20.2,44.26,43.6633,44.26
60,0,19.73,17.79,20.5,36.5,37.56,37.545
50,0,21.76,19.3233,22.73,42.4,43.9,39.56
50,0,24.8567,24.5875,26.1,47.4667,46.4125,43.4
50,0,24.1,21.7,26.29,47.59,49.9,44.5
110,0,19.9633,19.29,19.6333,45.8633,44.6567,44.1267
50,0,19.79,16.6667,20.39,37,41.1633,38
100,20,23.4633,24.0967,24.89,41.3333,37.8633,38.4
90,20,20.29,18.89,19.9686,37.6333,36.7,37.1529
100,0,21.7,19.9843,20.84,33.4267,32.3271,35.995
50,0,23.39,22.4633,21.5,40.06,39.6633,43.06
50,0,20.5,17.5667,20.1,37.6267,40.59,38.09
50,10,24,21.6667,25.7,47.76,50.7,43
360,20,23.5,22.5857,24.29,35.06,33.6129,35.018
50,0,24.1,21.79,25.39,47.8267,50.79,42.79
50,0,21.5,17.9175,23.5,39.4333,44.745,38.2
290,20,23.2,22.0111,22.4267,41.2267,39.0872,45.7
90,0,21.6,21,22.5,39.4667,38.4333,38.4
50,0,24.4267,23.29,24.6333,38.1567,37.3633,37.53
50,0,20.6,19.8567,20.6,43.9,43.4667,44.3633
50,0,22.5,22.8567,23.29,41.4333,38.2,39.2
80,0,17.6,16.5,18,36.3633,36.7,37.53
90,20,22.79,21.89,22,44.8333,40.9567,43.4667
60,0,22.8233,21.3567,22.89,36.23,36.4,37.56
50,0,21.7,20,20.76,37.4667,36.8267,38.4
60,0,21.79,19,22.39,38.7,42.4333,38.1267
140,20,22.6333,20.89,22.2,37.09,38.2,36.09
280,20,21.29,20.5,23.96,43.73,42.1633,43.33
50,0,18.9633,18.1667,18.23,36.9,35.6267,37.73
70,0,22.79,20.6,23.89,37.2,38.86,36.9667
240,10,21.7,20.2633,23.73,46.59,48.2967,43.4
60,0,21.7,18.89,21.7,36.9,40,36.59
20,0,19.29,18.1,19.1,40.1267,40.53,39.59
20,0,20.29,16.79,20.39,35.03,39.9,37.09
60,0,25,23.0286,26.7,48,49.5257,44.09
80,0,21.6,19.5,23.39,38.645,40.3633,36.06
100,0,21.5,20.3567,21.1,39.6633,39.6267,39.29
50,0,21.79,19.79,20.79,36.29,36.9,37.9
130,10,22.3233,21.0333,21.9206,43.09,42.2,44.515
50,0,23.23,25,24.39,41.59,36.23,38.7
580,0,21.6,19.5,22.575,34.6267,33.76,34.8725
20,0,21.1,20.26,21.7,43.9,43.59,44
90,0,22.7,23.39,22.89,36.1633,32.3633,35.6633
100,0,23.1,21.3233,25.4633,38.8633,38.29,35.23
90,0,20.9633,23.9267,22.39,39.7333,34.4,34.5
50,0,23.76,22.29,23.6,34.7,34.4333,35.4333
50,0,20,17.7,20.6,35.6267,37.4667,35.5
40,0,18.8567,17.76,19,40.29,40.53,39.8267
50,0,21.6,21,23.1,42.5,41.4,43
600,20,24.89,28.9175,27.1,48.1333,37.9475,42.44
50,0,22.6,20.1667,23.1,35.2,36.9333,36.6175
30,0,18.7,17.7,19.1,37.76,37.7,40.3267
30,0,19.5,18.7,19.89,46.09,46.09,45.29
50,0,19.76,18.9267,20.1,35.4,34.9667,35.6267
170,0,19.6,18.3233,19.7,36.8633,36.5267,36.7514
220,0,21.4633,19.9633,23.1333,39.4667,38.1333,38.49
60,0,22,19.39,22.39,39.09,41.59,38.9
110,10,20.9633,19.1333,20.6,43.86,43.2233,42.0667
80,0,25.5,25.5286,26.2,50.9667,48.3243,46.634
50,0,21,18,22,35.4,38.26,35.9
60,20,21.6,21,20.5,44.2,43.7,45.59
60,0,21.29,18.29,21.29,35.79,37.79,34.79
50,0,22,20.0667,20.6667,34.1633,35.1267,36.2
580,0,23.6333,24.814,26.1667,47.2267,43.472,40.5
380,0,22.89,21.29,24.5967,46.36,46.93,40.63
60,0,22.89,21.2,25,45.9,47.79,42.26
70,0,22,24.7,22.6,36.2,30.29,35.2
70,10,20,18.39,19.96,34.2667,35.3633,34.83
20,0,21.39,20.6,22.4817,42.29,41.76,43.6544
590,20,21.29,19.39,23.5667,36.6333,35.3633,34.5267
60,10,21.5,24.29,22.1,39.49,33.2667,37.23
70,10,22.1,20.245,23.8233,42.4667,44.2725,38.2
60,0,20.89,20.29,21.39,36.0267,34.76,35.1633
30,0,19.5,18.9633,21.0667,42.1333,41.0667,44.99
40,10,19.23,17.7,20.39,41.23,43,38.4
50,0,23.39,21,24.5,41.29,43.7,39.5
350,0,22.5,21.2,22.79,42.5267,41.1267,38.36
110,0,21.4267,19.6,22.1,36.03,37.56,34.4
50,0,19.23,17.5,20.5,38,39.79,37.5
230,20,20,18.39,20.6,40.1633,40.9,38.7
300,0,22.39,21.29,25.2,45.8,43.645,39.8267
50,0,24.2,21.5,24,34.4667,35.7257,34.79
100,0,22.1667,20.6,21.5,38.4333,38.4,38.8633
100,0,21.5333,21.125,20.5667,42.4,40.72,41.8633
40,0,20.29,18.39,21.4214,36.56,37.59,36
60,0,21.4633,19,23.0667,41.9667,45.2,39.76
90,0,19.79,18.1,20.1,35.5667,35.7233,35.79
210,0,21.5,19.8233,22.39,41,43.66,38.2
140,20,22.7,20.23,23.5,36.83,37.29,35.59
120,0,24,28.5571,25,40.8667,29.2971,37
60,0,21.7,19.4267,20.39,35,35.4333,37
70,0,24.39,24.29,25.7,46.59,44.7233,42.5
50,0,23.4633,21.68,24.7,37.76,39.036,38.29
50,0,21.89,23.3267,23.1,41.79,39.2267,38.53
50,0,21.8567,19.1,23,42.76,46.4,39.7
230,40,21,19.5667,21.4633,44.8267,45.4667,42.4667
60,10,20.79,18.89,22,37.7,39.8267,34.6633
80,0,22.1,20,22,36.1267,37.23,35.4
130,10,20.8567,20.2,20.29,34.46,33.5667,34.3633
70,0,24.8233,22.89,25.89,49.73,50.59,44.73
50,0,25.2,23.39,26.6,48.4667,49.79,44.5
100,0,22.2,20.39,22.0667,36.8633,37.6267,35.53
370,40,21.2,20.79,20.73,46.0667,44.8267,45.36
240,0,24.6667,24.29,25.79,46.9967,43.6333,42
50,20,20.5333,18,20.9633,38.29,40.79,37
90,0,22.2,23.79,23.1,39.09,35.1633,37.7
80,0,21.2,18.1,22.2,36.5,40.4,34.9333
40,0,19.5,18.7,19.8567,46.23,46.1267,45.2
30,0,20.2,17.7,20.89,35.5,37.8633,36.09
50,0,23.2,21.0286,24.39,41.7,44.3529,38.5
70,30,23,21.2,24.4633,43,44.7229,39.4
50,0,22.89,20.89,25,39.29,39.1267,35.79
80,0,20.7,19.0333,20.1,33.73,34.0667,35.178
80,0,18.5,17.39,18.76,38.7,38.4667,39.0667
30,0,21.39,20.5,21.79,48.3667,44.06,44.0087
30,0,21.5,17.89,22.39,38.5,43,37.1267
50,10,21.89,20.6,22,44.3267,44.29,44
50,0,21.815,21.3567,22.39,47.425,45.26,45.5
60,0,21.7,18,23.2,37.3633,42.9333,37.7
100,0,21.39,19.2,23.7,37,39.03,35.9
100,20,23.2,22.73,22.6,46.5,43.6633,44.9822
70,0,21.5,20,20.5,36.1943,36.4,37.3175
440,0,22.7933,21.5,22.7,37.6,34.33,34.9
50,0,21.6,21.0667,21.39,40.06,39.09,41.53
30,0,21.2,20.5667,20.6,43.4,42.7,44.29
50,0,20.89,17.89,21,35.6267,39.2,35.1267
150,10,22.2267,22,23.0667,44.6967,41.03,38.76
80,0,23.39,24.23,24.9267,39.2667,35.7567,38.26
320,20,21,20.3233,21.6,44.43,41.9,44.585
60,10,20.79,20.2,22,44.29,42.56,45.93
70,0,25.1,24.6333,25.39,39.03,37.5,37.23
50,0,22.1667,19.6,24.29,41.5,44.23,39.59
300,0,23.2,22.0667,24.3267,48.7967,46.7233,44.3333
80,20,21.1,19.39,20.625,44.6667,42.3267,41.6175
50,0,21.89,24.8233,22.6,36.4,30.23,35.2
30,0,21.29,18.39,21.5,37.1267,40.1267,36.59
80,30,19.6,18.39,19.79,38.73,39.93,37.5
70,10,19.73,18.1333,20.29,41.3333,39.1933,37.2
90,0,23.6,22.54,24.29,41.1333,40.358,38.4667
110,0,21.23,19.7,22.2,39.99,39.3175,40
200,0,22.39,20.2,24.5,41.1333,43.79,39.0667
80,0,22.5,25.5,22.5333,32.1933,25.3933,32.3267
50,0,23.6,21.5,24.7,37.7,39.2,38.29
110,0,24.2,23.7,23.6,33.56,30.5667,34.3267
60,0,19,18.2,18.7,38.7,38.29,40
50,0,21.6,20,20.7,37.5,36.9,38.5
40,0,21.23,19.89,20.7,36.59,36.76,36.9333
70,0,24.79,23.854,26.0571,47.1633,48.22,43.4
40,0,19.79,19.15,20,43.79,43.345,44.7
70,0,21.89,20.39,24.0667,39.9667,40.23,36.8633
20,0,19.7,19.1,19.9633,46.2,45.4,45
470,0,20.1,18.3233,21.9933,37.5667,39.5,35.1
60,0,20.1333,18.1,21.9267,37.1633,39.59,34.1633
40,0,20.5,19.79,20,44.26,43.7,43.3267
50,0,19.79,19.1667,20.1,44.1633,43.9333,44.2
40,0,20.29,18.2,20.7,38.49,39.8333,39.6633
50,0,18.89,18.29,19.89,44.2,44,45.09
20,0,19.79,19,18.6,37.2,36.73,38.23
100,0,21.9267,20.025,21.625,35.93,36.4,34.7225
20,0,19.1,18.5,19.29,42.09,41.29,43.1267
90,0,24.7,24.1,26.39,52.1633,51.23,45.59
50,0,23.89,20.9686,24.1286,35.06,37.0257,35.3214
60,10,22.7,20.89,23.39,41.345,42.7,39.73
50,0,21.29,18.7,22.39,39.5,43,39
50,0,20.5,18.6,20.6,38.1633,38.9167,37.9
100,0,22,22.26,23.1,47.0933,43.1233,38.9
80,0,23,20.39,24.3567,40.9567,43.9,39.1333
40,0,19.89,18,20.29,35.73,36.9667,34.7
50,0,22.89,20.1333,24.6,41.53,45.2,38.7
110,0,23.1,20.8233,23.6667,38.96,38.6333,33.79
140,10,21.4633,18.79,22.39,40.6633,44.9667,37.79
50,0,19.23,18.5,19.79,46.8267,46.7,45.29
40,0,19.7,18.89,20.39,45.09,44.59,44
120,0,20.79,17.79,23,40.93,44.7,39.4333
80,0,21.29,21.26,22.1,42.26,39.1333,37.8267
100,0,22.1,19.89,22.5,35.9333,37.2,33.8633
60,0,21.5,18.39,22.2,37.4333,41.6267,37
50,0,22,20.79,23.39,41.5,42.09,38.29
40,0,22.79,21,22.1667,39.4667,40.93,38.4
60,0,23.1,22.89,22.73,38.2,36.29,38.1633
70,0,20.7,19.1,20.1,33.76,34.06,35.2
50,0,22.29,19.89,24.5667,41.79,44.1633,40
50,30,23.1667,22.23,23.29,45.09,44.09,45.1633
110,0,22.8233,21.79,24.4633,38.36,35.8633,34.76
40,0,20.0333,19.2,20.5,45.23,44.8633,44.4
70,20,21.9633,21.39,21.6062,44.6267,42.79,45.4062
560,0,21.1667,19.9267,22.2933,33.8333,31.5333,36.8
100,10,22.89,21.89,21.89,46.4,45.4667,46.79
180,20,18.5333,18.025,19.29,43.4,42.1175,42.4
60,0,21,18.2,23.1,41,45.1267,39.9
680,0,20.29,19.6,20.5333,39.3333,38.36,40.3267
120,0,21.6667,21.15,24.3567,42.59,41.1,42.4667
280,10,20.6667,19.6,21.26,40.2667,40.0267,45.3967
70,10,23.8233,22.5,23.6,34.59,33.9667,35.29
30,0,21,18.5,21.8233,39.09,43.1267,37.4333
20,0,20.1,19.29,20.5,45.1633,44.59,44.23
50,0,21,18.6333,21.79,39.3267,43,37.4
80,0,21.79,19.79,22.79,38.53,41.36,37.2
60,0,22.1,21.2,21.5,41.5,40.59,42.59
270,0,20.9267,19.5,22.26,40.3633,38.6267,39.4667
120,10,19,17.6,18.73,38.9667,39.7233,38.7
590,20,21.1,20.6,21.8567,43.8267,41.7,47.73
100,20,23.2,22.6333,22.5,45.1,43.1267,44.6022
120,0,21.6,21.0667,24.5333,42.6633,41.29,42.7667
70,30,21.73,20.1,20.9633,38.29,38.9333,38.4
450,10,23.3233,22.29,26.6333,49.7567,46.2333,40.73
70,0,22.2,21.6333,21.1,42.53,41.5667,44.4633
20,0,18.89,18.2,20,44.79,44.7,45
60,10,19.5,16.7,20,39.5967,42.8333,37.09
110,10,24.6814,25.1,26.371,47.0657,42.7143,41.8619
220,10,22,21.1,22.5,38.6567,37.6267,37.4
60,0,21.3567,18.39,20,35.9,38.8267,36.23
120,0,22.8233,22.6,27.4633,36.53,34.56,38.1933
110,30,23,22.39,22.39,44.2,42.59,44.3878
50,0,23,20.7,23.89,36.09,37.9,37.2
60,0,21.29,18.3233,22.2,37.2,40.7,37.4
100,0,21.1,21.26,21.8233,39.29,36.7,38.5967
40,0,20.1,17.0667,20.1,37.2,40.5,37.9
70,30,20.8567,20.2,20.2,53.66,47.0567,48.4475
90,0,21.5333,21.0667,22.29,45.3333,43.0267,40.0225
140,0,26,25.1,27.6,39.0267,37.3633,33.67
160,10,19.89,19.6,19,37.9,37.2,39.53
40,0,21.89,20.39,23,44.53,46.1267,41.7
70,0,21.89,21,21,39.4667,38.79,41.29
30,0,19.2,18.5,19.29,40.9333,40,42.5
50,0,21.89,20.43,22.89,39.09,40.3267,37.7
50,0,21.5,20.1,22.1,44,44.7,44
40,0,23.1,20.3233,23.1667,38.2,40.7,38.59
30,0,22,21.7,22,45.26,43.79,44.59
30,0,23.2,23.39,24.6,46.9667,44.156,41.8633
40,0,19,18.39,19.26,41.2,40.4,42.7
40,0,20.5,18.5333,20.79,35.09,35.79,36.53
50,0,21.79,18.8233,22.2,35.53,37.53,35.79
50,0,22.1667,21.2,21.29,39.7,39.29,43.59
180,20,22.79,21.2,22.7,37.8333,37,36.9
50,0,18.39,17.4267,19.1,43.09,43.8267,42.3633
50,0,22.89,21.0667,25.1,46,48.1333,42.23
50,0,22.29,19.7,22.7,39.2,41.9333,38.7
100,20,20.6,19.2,20.79,36.7,36.59,36.9667
360,0,24,28.6,25,38.5933,28.896,36.86
110,0,22.2,20.6,21.5,38.2,38.4,38.79
70,30,20.5,20.5,20.1667,37.3633,35.7,37.06
130,30,22.7,20.29,23.3233,36.03,36.93,35.59
70,0,22.5,22.89,23.29,41.4,38.2,39.2
60,0,22.5,22.89,23.29,41.3267,38.1267,39.2
40,0,21.29,20.7,21.89,43.9,42.3267,45.59
40,0,18.8567,16.89,19.89,39.5,41.23,37.5
40,20,21.79,19.4267,21.23,34.9975,37.09,35.2
20,0,23,21.0125,24.7,41.09,42.1313,39.73
80,0,21.3567,19.2,21.29,36.56,38.5,35.23
80,20,21.9633,18.39,22.4633,38.7,42.6633,37.76
70,0,19.89,19.29,20.79,42.1267,40.6267,41.9
50,0,21.2,18.6,22.6,37.4,39.76,36.7
60,0,24.89,24.8186,26,48,46,43.8862
310,0,26.26,25.7633,28.7,41.6233,37.39,36.254
100,10,22.89,22.5667,22.29,49.5267,44.26,46.9667
80,0,20,18.6333,19.7386,34.26,34.9333,36.2
30,0,22.4175,19.5,22.2,37.4,40.4667,36.6633
280,20,20.89,19.89,23.07,38.0667,37.8,42.65
100,0,24.1,23.5667,23.6,33.59,31.5667,34.6267
40,10,22.7,21,22.2,39.53,40.9333,38.4
130,20,19.5,17.23,19.79,36.79,39.8633,36.59
50,0,21.73,18.79,22.2,35.59,37.59,35.73
100,0,21.4633,20,20.12,33.6633,33.9333,35.572
80,0,21.39,18.6333,22.39,38.8,42.23,39.2
90,0,25.5,25.1,26.31,49.8333,47.2,45.834
90,0,20.89,19.4633,21.1,35,35.09,33.9333
50,10,19.7,18.6333,19.2,32.9,33.23,32.79
60,0,22.5,19.39,24.1,41,45.73,38.8633
90,0,20.6,19.5667,19.79,37.7,38.09,37.59
50,0,21.29,18.6,22.79,38.29,41.79,38.29
60,0,21.6333,21.5,21.39,35.99,33.26,34.2
60,0,20.2,18.29,20.4633,36.59,37.29,37.26
90,30,23.1,22.6667,21.8233,44.59,43.1267,44.86
60,20,22.29,21.5,21.7,42,40.9333,43.09
40,0,18,16.89,18.2,40.29,40.79,39.79
110,0,20.6,19.7,19.89,36.9475,34.1333,35.9267
420,10,25.5,25.414,26.89,46.99,43.036,41.29
50,0,21.6,19.4633,22.5,37.26,37.8267,36.06
110,10,23.5,20.76,24.0333,40.0267,43.3633,37.6567
230,10,23.5,22.89,24.9633,45.6633,42.29,46.1333
100,10,21.5,23.26,22.39,40.7667,37.4267,38.4
40,0,20.29,18.2,20.7,38.5,40.2,39.59
410,20,16.79,16.1,17.2,45.29,45.3633,42.59
50,0,21.39,18.3233,21.39,35.7233,37.7,34.8267
60,0,20.5667,19.79,21,42.26,40.09,40.3267
120,30,21.73,19.7,21,38.8933,36.8267,36.7233
110,0,22.2,23.79,23.0333,39.03,35.09,37.6267
20,0,21.5,20.0333,22.1,44,44.6267,43.9
40,20,21.5,19.1,21,41.2,45.2,39.09
90,0,21.3233,21.0667,21.6222,43.5267,41.03,44.4222
100,10,22.0333,20.23,21.39,38.6333,38.29,38.7
60,0,21.2,20.6,21.79,43.79,42.29,45.59
40,0,22.23,24.3233,23.1667,42.1267,37.26,39.1633
40,0,21.0333,18.5,20.29,38.3267,40.66,38
80,0,23.4267,22.2,24.39,38.1267,36.58,35.7
50,0,25.2,23.1,25.8614,39.7,41.03,34.5
100,20,22.8567,21,21.6,31.8267,32,33.6267
50,0,21.29,18.7,23.29,38.3633,41.1333,36.1633
50,10,21.5,19.6,20.6,37.6333,38.53,38.59
30,0,19.6,18.1333,19.79,41.09,41.7,40.59
70,0,24.2,25.7914,26.5,41.76,35.34,37.53
30,0,18.26,17.2,18.39,39.1633,39.59,39.5
60,0,20.79,17.4267,20.7,36.9,41,37.53
60,0,22.29,22.9633,22.29,39.1633,36.5,38
50,0,17.89,17.1,19,44.5,44.8267,42.26
340,0,22.2,20,23,38.4,39.9,36.7
80,10,21.76,20.29,23.9633,42.1633,43.53,38.43
70,0,20.8567,19.29,21.29,36.29,36.53,35.43
100,0,21.79,19.2,20.7,35.2,37.5,36.4
50,0,23.6667,22,23.6,35,35.03,35.5
130,0,22.5,21.89,25.1333,37.1175,34.9333,35.53
100,0,23.5,22.7,24.16,36.1667,33.36,34.856
50,0,21.79,19.6,22.89,40,42.6267,37.79
70,0,24.7,22,24.5,38.56,40.6313,32.8267
90,20,21.23,19.1667,22.26,39.59,41.9333,37.59
50,0,22.2,20.23,22,39.53,41.7,38.2
30,0,21.89,20.4267,23.1,44.5,46,41.79
60,0,19.8233,19.2,19.7,46.06,44.8633,44.59
50,0,20.1,19.6,21,42.7,40.79,41.79
140,0,23.7,22.4267,23.89,39.93,38.6933,39.2667
90,30,22.39,22.1,22.1,47.1933,44.53,46.356
130,20,21.5,20,24.2,41.29,43.1267,39.89
40,0,18.6,17.6333,19.4267,43.29,44.03,42.7
110,10,25.6,25.6,26.6,42.7,38.79,38.656
390,10,22.4967,21.5594,21.1933,43.1933,38.9033,43.7233
50,0,20.79,19.89,20.79,42,41.7,44.59
50,0,22.2,19.29,23.29,35.7,38.1267,37.2
50,0,22.175,23.7,22.79,37.7,33.5,36.06
70,0,23.0667,22.79,24.5,47,45.59,41.79
80,0,21.6,18.5333,22.5333,35.2,38.3633,34.5
50,0,21.7,20.89,21.5,41.5,40.5,42.5
310,0,22.8233,22.5,23.2,41.2267,38.06,38.29
30,0,19.8567,16.5,20.2,37.7,42.4,37.29
470,0,21.89,21.89,24.1333,45.9667,44.49,42.6
50,0,20.2,17.3567,20.1667,36.9,40.09,37.09
260,0,20.29,18.1667,20.6,38.6633,40.2,39.1633
50,0,22.2,19.7,22.2,39.09,41.4,38.7
30,0,21.5,20.9633,22.6,45.9,43.9,45.09
50,0,20.79,19.5,21.8614,43.59,44.7,42.2257
80,0,21.0429,20.29,20.79,39.1571,37.5643,38.2771
50,30,20.6,17.5,21.6,36.9,40.5667,34.9333
70,0,23.7,24.5,25.1,37.8267,34.29,38.03
80,0,22.89,20.79,24.6,45.03,47,40.45
60,0,23,20.5667,25.2643,39.7,41.5,37.59
90,0,19.7,17.6,20.26,36.29,38.56,35.76
100,10,20.76,19.5667,21.1333,40.8267,41.36,39.5
70,0,21.89,20.5,24.2,40.26,40.29,37.06
40,0,23.89,25.29,24.39,40.03,34.4,37.6686
90,0,21,18.39,22.29,39.73,43.4,39.09
80,10,22.5667,22.1333,23.26,45.79,43.26,47.0633
50,0,21.2,18.2,21.8567,37.59,39.9667,36.26
40,0,19.1,17.39,20.6,38.9,40.8267,38.09
50,0,23.89,21.0429,24.1,35,36.8057,35.3371
60,0,21.1,20.4267,21.89,39.7,39.9,37.5
70,0,21.4267,21.1,22.29,45.5667,42.9333,40.09
50,0,22.39,19.6,23.23,35.5,37.76,37.1267
70,0,23,20.5,24,40.8267,43.9667,38.2
50,0,19.79,16.79,20.29,36.79,40.7,37.4667
40,0,20.1,19.29,20.5,45.2,44.7,44.23
80,0,22.5667,21.5333,23,41.5,41.9667,39.2
20,0,19.2,16.89,19.7,36.9,39.5,38.59
120,0,22.0333,20,22.2,36.93,38.2233,35.29
40,0,22.79,20.5,22.1,38.6267,40.9333,37.59
100,20,21.5,20.745,21.6,46.86,44.79,43.2
40,0,22,20.1143,20.7643,36.5771,37.2,37.9
240,0,21.6,20,20.6,39.11,37.42,37.4114
70,0,21.1,20.5,21.39,50.99,45.7567,44.0667
80,0,22.1667,21.2,22.6557,41.36,40.1933,40.9071
110,0,21.3567,20.96,20.5333,42.4,41.2,41.79
60,0,21,20.39,22.4267,41.59,40,43.03
90,0,23.5,24.176,25,39.3633,37.32,37.79
130,0,24.4491,23.4225,27.3688,53.1812,52.7248,46.7791
60,0,22.29,21.4633,22.6,43.3267,42.09,44
50,0,19.0667,18.39,19.29,34.9,34.4633,35.3633
80,20,21.89,19.39,23.5333,42.1267,46.2,38.4667
80,10,20.79,19.2,22,37.7,39.4333,34.79
100,0,22.5,21.6667,25.5333,45.8633,43.59,40.59
50,0,22.0667,18.79,24.1,40.93,46.26,39.26
60,10,24.39,23.2,26.73,44.56,43.754,39.23
40,0,19.6,18.29,19.79,41.23,41.59,40.7
690,20,21.39,20.86,23,39.59,39.56,37.1633
120,0,21.0333,20.1,21.5,34.4667,32.59,34.8633
70,10,22.73,21.9267,22.39,27.7333,25.7633,34.76
30,0,21.6333,20.73,20.5,39.8267,39.5,41.9667
50,0,22.89,22.79,22.39,33,30.29,35.79
40,0,21.7,19.5,22.23,38.5,40.8267,37.3267
70,0,24,21.6,25.39,45.06,47.79,41.2
50,0,24.7,23.39,26.58,47.5,48.2,41.92
70,10,21.1,20.4267,22.9572,45.1567,43.26,45.3439
50,0,22.4633,20.0333,22.5,39.09,41.4,38.29
40,0,19.7,19,19.89,46.09,45.5,45.1267
60,30,22.89,22,23.23,45.4,44.4667,45.23
70,0,25.39,24.478,26.06,48.9,47.812,45.29
50,0,20.39,17.89,20.6,35.4,37.09,38.4333
90,0,20.73,19.1333,20.6,45.6933,42.23,41.23
260,0,23.6333,22,23.79,40.49,39.36,39.09
50,0,21.39,18.3233,22.39,35.7,38.2,35.9333
80,0,17.6,16.5667,18,36.29,36.59,37.4333
20,0,20.79,18.9267,21.29,39,39.93,38.4333
50,0,24.5,23.39,26.29,38.5,37.29,38.1267
40,0,21,19.7,21.89,43.4,44.29,42.09
30,0,19.5667,17.2,20.1,37.2,39.79,38.8
60,0,25,23.254,26.52,47.9,49.09,45
50,0,17.6,16.89,18.39,43,42.7,43.7
100,0,22.1,20.5,23.29,42.4333,44.1267,39.29
90,30,19.5,17.5667,19.6,35.79,36.4333,36.59
70,20,21.8567,18.39,22.4267,38.6633,42.76,37.73
40,0,20.815,18.815,20.79,37.6175,38.9,39.09
130,0,22.1667,21.6,21.5,43.93,42.59,44.9
50,0,19.39,18.79,20.5,42.09,41.29,44.1633
60,0,23,23.39,23.0333,34.9667,31.6667,35.3267
60,0,20.2,17.9633,22.55,37.03,39.53,34.145
170,0,20.6,19.0667,21.89,41.23,41.0267,39.29
50,0,20.79,19.39,21.3567,37.73,37.53,37.09
60,10,23.29,21.6,24.736,40.79,41.4,39.312
50,0,20,19,20.2,43.7,44.03,44.4
60,0,20.9633,18.1,21.6,37.5667,40.8267,36.9333
50,0,22.1,19.6,24.29,41.5,44.29,39.59
50,0,23,20.89,24.6,42.9633,45,39.5
110,0,22.9633,21.3567,22.8233,40.1633,40.9333,38.9633
100,10,20.7675,19.4633,20.5,42.7675,42.6333,41.6267
40,10,18.2,17.2,18.5,39.59,38.93,39.9
40,10,21.39,19.7,21.29,39.2,39.4,38.03
60,30,22.1,19.4267,23.29,40.1267,43.7667,37.7
60,0,21.2,18.5,22.6,38.56,42.73,37.79
60,10,21.2,20.6,21.39,44.93,41.5667,43.26
60,0,24.5,24.39,25.7,46.6633,44.53,42.3633
90,0,20.9686,19.6857,22.39,37.78,37.2643,36.59
40,10,20.6667,17.1,21.7,36.4,40.2,34.5
80,0,23.2,22.6,21.79,42.8633,41.8633,44.7
380,0,21.2,18.5,21.9267,38.59,42.9633,36.9
50,10,22.2675,26.1333,23.1,38.1725,30.9667,35.4
110,0,24.7,23.89,26.7,52.7,51.9333,45.2
60,0,23.23,21.1,23.8233,35.79,37.1633,36.9333
70,20,21.5,18.6333,22.8233,36.53,39.53,34.3267
30,0,21,19.6,20.2,33.5225,34,34.4
80,10,23.3567,22,23.9214,35,34.0257,33.0714
60,0,19.89,19.2,19.79,42.79,42.3267,44.26
60,0,24.5218,23.6964,27.2074,52.0626,51.0446,45.8918
250,0,22.5,23,26.3567,38.3633,34.86,40.26
50,0,24.2,21.79,25.89,44.7,46.73,42.29
50,0,20.1,17.29,20.76,37.2,40.5,37.7
80,0,22.6,21.2,23,41.1567,42.3633,39.23
60,0,19.79,17.9267,20.29,41.06,41.9,40.7
50,0,21.29,21.5333,22.29,41.23,40.1333,38.4
60,0,21.075,19.9529,20.2112,37.245,37.2257,37.9125
70,0,20.3233,19.5333,20.5,40.6933,39.9,39
100,10,23,22.6,22.29,49.8333,44.1267,46.6933
60,0,22.6,20.2,24.7,44.09,47.09,40.79
50,0,23.2,20.89,24.39,41.7,44.4,38.4
60,0,20.1,18,20.6,39.03,40.36,38.7
70,0,20.6,19.86,21.4267,36.43,37.1,34.4333
60,0,25.0667,28.2,26.1,39.9333,31.89,38.5643
40,0,20.7,19.39,21.89,43.59,44.6267,42.2
60,0,22.6333,21.7,22.89,37.7,37.59,38
60,10,20.29,18.2,20.7,38.0967,39.6267,39.73
60,20,21.73,20.8233,22.39,47.8633,46.1633,45.03
80,0,19.2,18.7,18,41.79,41.29,43.79
40,0,23.2,21.6125,24.79,45.03,46.3175,41.9333
50,0,22.1,18.89,24.1,40.9,46.26,39.2
60,0,21.39,18.8233,22.6,37.2,39,36.4667
50,0,21.2,18.39,23.1,41.4,44.7,39.59
40,0,20.0667,18.2,20.2,36.1633,37.4,38.2
50,0,25.2,23.89,26.79,43.2,43.4333,39.9143
30,0,20.89,19,21.79,39.4,42.4,37.4
60,30,20.2,18.39,20.7,39.29,39.9333,38.59
130,0,22.3233,20.2,25.2,46.09,49.26,40.53
50,0,21.29,18.89,22.1,38.95,42.4,37.29
80,0,24.5,24.26,25.2,37.6933,34.56,37.714
60,0,22,19.79,23.7,42.4,45.59,40.2
110,0,25.6333,26.5333,25.2,30.79,27.8567,36
60,0,20.89,19.1,21.6,42.09,44.7,39.09
70,0,20.26,19.6333,20.4267,51.1,49.0967,45.6567
250,30,21,20.5,22.26,43.5667,41.56,46.0933
100,0,21.7129,20.3471,21.0625,36.9857,37.3371,37.2338
70,20,22.6333,20.5,25.39,41.9333,43.43,40.59
40,0,20.29,19.39,20.945,42.4,42,44.29
70,0,23.6,23.2,24.6667,44.6633,42.5,40.76
40,0,21.6,20.7,22.4144,45.09,44.5,44.8489
70,0,24.5,22.6,24.2,36.59,37.2214,32.1633
50,0,20.1333,18.6,20.5,37.7,38.26,36.7
70,0,20.1,18.1,22,36.6267,37.7,37.9267
120,0,22.6,21.6,24.0333,32.26,30.5667,36.5667
40,0,21.79,20,21.2,34.53,35.03,35
50,0,22.6,21.6333,23.29,45.79,45.1267,45.59
40,10,17.79,16.79,18.1333,37.7,37.03,38.79
350,30,20.2,18.29,20.39,38.29,39.53,38.2
110,20,22.6,20.89,22.79,41.99,41.36,39.2667
110,30,21.7,20.23,21.79,44.1567,44.73,42.7
40,0,19.29,18.1,19.6,41.29,41.56,40.59
230,0,22,20.5,22.9633,36.59,37.6267,36.8633
30,10,19.5,16.7,19.89,39.06,42,37.09
40,0,20.1,19.5,19.7,44.7,44.09,43.9333
80,0,21.26,20,20.14,35.56,35.8633,36.554
60,0,22.26,21.39,21.5,41.29,40.4,42.7
40,0,22.1,21.2,21.89,44.4,43.53,44.29
50,0,20.39,18.6,21.6,36.79,37.9,36.09
50,0,22.2,19.39,22.2,35.1633,37,35.7
50,0,20.89,18.89,21.79,39.4,42.5,37.4
50,0,19.89,16.9633,20.23,36.9,40.59,37.23
50,0,20.39,18.6,21.39,40.23,41.5,40.76
50,0,21.05,19.5667,21.8567,39.045,40.5,37.26
40,0,20.5667,17.79,21,37.2,40,37.73
60,0,21.0857,19.89,20.2,37.47,37.27,38
60,0,23.1,20.5333,24.5,41,43.7,39.29
90,10,22.1,21.5667,21.23,40.95,39.79,42.9
60,0,22.1333,19.7,23.2,39.4,42.29,39.79
90,0,23.7,23.5,23.29,30.6633,27.96,34.76
100,10,22.4633,21.73,22,47.7633,39.6333,42.53
70,0,23.26,21.4529,24.3233,41.9667,44.0243,38.59
30,0,21.29,19.29,20.89,36.09,37.29,38.29
50,0,20.6,19.1667,21.79,38.03,37.7,36.79
60,0,22.2,18.8567,23.29,35.29,38.59,34.6633
170,20,22.89,21.912,24.39,43.4,43.816,39.4
430,20,23.29,22.79,24.29,45.6267,42.4667,45.7667
90,0,22.2,21.89,22.39,39.4667,36.56,36.8267
30,0,22.29,20.39,23.26,39.59,41.29,37.76
330,0,21.2,19.3233,22,40.73,43.3933,38.06
50,0,20.9267,19.89,20.39,43.2,43.29,44.29
40,0,22.2,22.3233,22.1333,37.2,35.4,36.4
290,0,26.1,26.29,29.16,41.7,38.09,37.656
50,0,22.1,21.5333,23.5,41.6267,41.06,38.1267
40,0,22.6,20.2,21.8567,36.2,38.56,35.9667
40,0,21.2,18.5333,22.39,39.59,43.2,39
50,0,23,22.3667,24.29,40.9667,42.1933,38.4333
60,0,21.7,18.89,22.39,38.79,42.59,38.23
100,0,21.1,19.3233,20.29,35.6633,36.9667,35.3633
50,10,21.7,18.89,22.89,39.7233,43.7667,39.0267
30,0,20.39,18.76,20.7,40.09,41.56,38.79
50,0,20.6,19.79,20.6,43.9,43.4667,44.29
80,0,19.79,17.39,20.272,34.53,35.5667,36.878
60,0,19.23,19,19.7,46.1267,45.045,44.7
60,0,21.1,18.5,21.79,39,42.9,37.4
70,20,20.79,18.89,22,37.7,39.7,34.7
100,0,24.89,23.1,25.89,50.06,50.59,44.9333
50,0,24.79,23,26.6,47.29,49.09,43.5
100,0,21.39,19.1,22.79,36.8333,38.89,34.53
430,0,19.1,18.89,19.46,34.8333,33.59,35.9933
70,20,24.7675,28.2633,28.216,48.09,40.3933,43.918
340,0,22.2,21.7,21.79,45,42.53,43.9661
50,0,22.1333,21.5,22.1,37.03,36.2,36.4
80,20,21.7,21.1,22.6,41.23,40.4,38.76
50,0,20.5,17.2,20.39,35.2,39.7,37
60,0,22.89,22.23,21.7,43.2,42.59,44.9
90,0,18.3233,18,17.5667,45.43,44.1333,43.9667
50,0,20.5,19.29,20,37,37.59,37.4333
80,0,22.6,20.5,22.79,37.26,39.43,37.03
70,0,20.79,18.9267,21.89,38.4,40.1633,35.4
90,0,21.39,21.5667,21.89,39.1633,39.1933,37.5
60,0,20.7,20.7,20.2,35.9333,34.1267,36.26
40,0,20.5,19,20.79,35.2,35.09,35.6333
110,20,22.29,21,22.39,40.3333,38.03,37
50,0,21,18.29,22.6,37.7,40.4667,36.9
100,10,23,21.7,23.1,41.9333,43.2,39.5
50,0,22,20.2,22.39,38.09,39.3333,37.4333
60,50,19.89,19.2,19.79,45.7667,44.5,44.9
90,0,22.075,21.3,21.0333,40.045,38.9233,41.7233
50,0,23.9039,22.8356,24.946,40.3713,40.2948,38.437
40,0,21.39,18.8567,21.39,37.4,39.7,37.4333
60,0,19.29,18.6,18.7,38.79,38.2,39.79
60,0,22.5,19.39,23.39,37.79,41.9,38.9
50,0,21,18.23,22.29,40.29,44.7667,38.53
60,20,19.2,18.6,19.39,44.06,43.1567,43.6267
30,0,22,18.5,23.2,35.1633,38.9667,34.59
50,0,23.2,23.6667,23.2,37.09,33.56,37.5
80,10,21.79,19.2,23,42.23,45.7667,39.4333
140,0,22.5,20.5333,22.6,40.26,40.29,38.59
50,0,21.6,24.8233,22.5333,36.5,31.26,34.9333
120,30,21.39,21.1,20.79,43.09,41.4667,42.1633
110,0,22.39,21.8567,22.5,48.3633,41.26,42.0267
100,0,20.6,20,21,42.29,40.5,41.2
50,0,20.79,17.7,23,40.3633,45.2,39.7
80,0,24.8764,25.0315,26.4203,46.6097,42.8534,41.5664
80,0,19.7,17.79,20.2,36.29,38.29,35.8633
50,0,20.79,19.5,21.79,43.5,44.59,42.2
50,0,21.7,22.3233,22.2,39.09,36.4,37
190,30,21.1333,19.7,20.76,36.9,37.29,37.3267
60,0,24.1961,23.2594,24.894,38.7187,37.4052,37.463
100,0,19.6967,18.2925,19.53,42.7233,42.27,40.1333
110,0,22.1,20.1,22.7,36.03,37.2967,34.5
50,10,19.79,18.89,20.2,39.1,38.36,37.1633
50,0,20.1,19.6,21,42.7,40.8267,41.7
50,0,24,25.14,24.4529,39.9,34.518,37.6529
50,0,21.7,20.0333,23.1,44.59,46.73,41.79
40,10,21.1,19.2225,21.2,39.09,39.2,38.2
60,0,21.6,20.79,21.39,41.4,40.5,42.53
60,0,21,18.2,22.1,36.2,39.4,36.7
60,10,21.39,18.79,22.39,40.43,44.8267,37.73
370,0,22.1,21.79,22.3233,39.1667,37.3333,38.73
40,10,21.2,18.1,22.39,36.195,39.2267,35.89
70,0,25.29,24.2,26.1429,48.7,48.09,45.0771
20,0,20.1,19.0667,20.3233,40.3633,38.4667,37.26
80,0,23.7,22.6667,23.1667,33.23,31.29,35.06
90,0,22.2,20.23,24.5667,44.06,46.1267,40.9233
60,0,23.7,22.06,24.39,42.9,43.054,39.8633
50,0,21.1,18.2,23.1,41.29,44.59,39.59
90,0,22.1,20.5,23.29,42.425,44.09,39.29
50,0,24,22.29,26.7,44.9,45.5,40.4
120,0,22.1,20.1,22.39,38.6633,39.4,37.53
770,20,20.2,19.29,20.5,40.5,40.4333,39.1567
270,0,23.1,22.4633,23.3267,39.0267,38.03,41.4
110,0,22.6333,23,22.29,32.7233,30.23,35.5667
50,0,20.39,16.79,20.5,36.09,41.6633,37.2
60,0,22.89,20.39,23.4267,34.59,36.0675,36.79
60,0,22.6,19.6,23.3233,39.4,44.03,39.5
60,0,20.89,18.1,21,36,39.1267,35.4
100,30,22.8233,20.9933,21.7,31.9267,32.2967,33.6267
60,0,20.7,18.79,21.23,39,40.09,38.5
60,10,22.7,20.3567,22.1,36.29,38.73,35.9
50,0,21.1,18.1667,21.79,38.09,42.29,36.59
60,20,20.1,17.89,20.1,38.3633,39.79,38.9
40,0,20.1,19.1364,19.89,43.73,42.65,44.7
60,0,21.7,21,22.23,48.6633,46.23,46.6567
540,20,19.7,18.29,19.6571,35.43,36.03,36.2514
50,0,21.8567,22.2,22.2,38.79,36.29,36.9
50,0,19.89,16.5,20.29,36.8267,41.56,37.56
260,0,22.5,22.9267,26.23,38.4,35.1333,40.1267
40,0,21.9633,21,21.4267,42.29,41.73,43.4333
120,0,23.5,21.7,23.6,39,39.3,38.53
60,10,21.4267,21.1111,20.6,38.79,38.02,40.2
50,0,23.7,22.23,23.6,34.7,34.56,35.5
80,0,20.29,19.89,19.89,43.7,43.09,44.1633
70,0,23.5,22.8186,24.39,44.29,42.9,40.6267
40,0,21.29,20.5,21.79,45.5267,43.59,44.2
60,0,24.7,22.5,26.0667,48.9333,50.59,45.29
90,0,22.2,21.29,22.76,44.9,44.79,42.09
100,0,22.79,20.79,24.6,45.2667,45.8,40.3267
60,0,21.7,19.7,21.26,35.7725,36.2333,35.8333
210,0,20.89,18.39,21.79,40.7,44.2233,38.2
100,0,21.2,20.0667,21.9633,40.6933,41.4333,37.93
80,0,20.89,19.6333,21.5,45.09,45.53,42.5
70,20,24.5,23.5,26.7,44.59,43.334,38.59
40,10,21.5,18.6,21.39,35.5,37.5,34.9
230,20,22.29,21.39,21.89,46.6333,45.7233,45.3633
30,0,20.0667,19.1333,19.89,43.8633,42.8633,44.76
50,0,20.89,20.3233,20.8567,43.7225,41.2,42.2
60,0,20.8233,19.79,20.39,43.09,43.2,44.4
40,0,18.0333,17.1,19.1,43.4333,44.2,41.9333
60,0,21.1,19.73,21.79,40.4,41.7233,38
60,0,24.29,24.0667,25.7,46.9975,45.7,42.5225
70,0,20.7,19.1,20.1,33.79,34.1267,35.1529
300,0,22.79,22.4267,25.93,41.7333,40.0267,40.86
50,0,23.1,21.39,24.89,45.4,46.9667,42.2
110,0,19,17.0333,19.39,35.5,37,35.53
90,0,22.6667,20.29,23.1,35.4667,36.8633,35.5
40,0,21.6,18,22.39,38.5,43.09,37.29
60,10,22.6,21.5333,25.4267,43.2233,43.2233,37.56
130,20,23.5,22.9371,24.29,34.9333,32.97,34.876
50,10,20.2,18.39,20.2,41.1267,41.9333,41.2
50,0,20.5,18.79,19.956,34.93,35.26,36.754
80,0,24.2,23.89,23.6,35.36,30.2,34.03
80,20,22.9267,21.02,24.39,42.9333,45,39.4
120,10,16.89,16.2,17.39,44.29,44.29,42.1267
40,0,19.1,17.0333,20.2,37.7,40,37.59
90,0,22.39,22.2,22.6,42.9333,41.4,40.79
80,0,22.89,21.5714,24.39,43.1567,44.35,39.4
60,0,24.23,24,25.6333,47.03,45.9,42.59
60,0,20.89,18.2,22,39.29,43.29,36.6267
40,0,24.79,22.6,26.1,47,49.572,43.5
420,10,16.79,16.1,17.2,45.2667,45.3267,42.53
70,20,21.39,19.89,21.39,43.4,43.9,42.2
60,0,22.89,24.29,23.2,37.6633,32.8633,37.5
50,0,19.39,17.1,19.79,37.03,39.7,39.06
250,0,21.29,19.245,21.29,36.43,38.745,35.2
60,0,24.2,25.5,26.29,41.59,36.018,37.4333
30,0,18.89,16.8567,20.29,37.9,40.09,37.9333
60,0,22.5,23.7,23.1,39.09,35.7,37.9667
60,0,21.29,18.4267,22.2,39.1633,43.4,37.8633
80,0,22.7,21.79,24.1,39.29,38.06,36.79
50,0,22.2,19.29,23.29,35.59,38.03,37.2
50,0,20,18,20.6,35.09,36.06,36.59
30,0,19.7,17.5,20.1,37.79,40,37.09
40,0,22.79,20.6,24.5,39.29,40.29,37.856
50,0,19.5667,19.3233,19.89,46.6633,45.4,44.79
20,0,18.89,18.2,20,44.79,44.6267,45
270,0,19.6,18.7,21.1714,37.26,36.7,37.5643
60,0,20.6,18.79,21.79,42.9667,44.4,42.6633
90,10,22.5667,19.5,23.0667,40.4933,42.5667,34.76
90,10,22.6,20.79,22.29,39.3267,40.9,38.4
50,0,20.79,18.8567,20.79,35,35.59,36.29
30,0,20.29,16.8233,20.39,35.03,39.8267,37.09
60,0,23.0667,21,24.6,45.3633,47,40.5
70,0,22.5,20.2,25.1667,42,43.79,40.5
130,0,23.6,21.1,24.5667,40.8667,42.7933,38
60,0,20.29,18.4633,21.23,40.4333,41.7,40.7667
50,0,21.29,19.5333,20.89,35.29,34.9,35.9667
60,0,24,22.2,26.7,45,45.59,40.4
70,0,20.89,20.39,21.5,44.9,43.29,44.09
120,10,24.9633,23.29,25.79,50.39,51,45.4
30,0,19.6333,18.6,19.0667,38.9333,39.1633,38.9667
100,0,21.8567,19.9267,21.5333,36.1567,36.4,34.8633
40,0,21.2,18.6,23.2,41.4667,45.09,39.9
80,0,21.1,20.29,23.29,45.2933,43.2,43.1933
50,0,19.79,17.5,20.1,37.4,39.79,39.06
60,0,20.8567,19.1333,20.2,33.3633,33.76,34.7
50,0,20.73,20,20.89,41,40.2,41.79
30,0,23.6,20.6,24.76,39.0267,42.3333,36.93
70,10,21.65,20.7,20.79,38.69,38.1633,41.4
90,20,20.39,18.1,20.6333,38.7933,40.6933,36.3
50,0,22.2,21.2,22.39,40.3633,40,40.09
50,0,22.1333,19.6,24.7,43.79,47.5,41
720,10,22.2,21.1,23.1667,37.9333,37,36.6267
50,0,18.6,17.9633,19.7,42.4,41.7,43.2
80,20,20.7,20.0667,20.5,43.6333,42.79,44.2
50,0,22.7,19.2,23.29,38,42.2,37.5
50,0,20.7,18.6333,20.7,37.7,39.1267,39.4
80,0,22.5,23.4633,23.1667,39.3267,35.9333,38
60,0,22.1667,24.2675,23.1333,42.1633,37.5675,39
50,0,21.175,19.1333,21,40.1725,41.09,40.56
160,0,25.3,24.29,25.89,49.66,46.6667,42.3267
60,30,21.79,20.89,23.1,46.23,46,46.1267
40,0,20.7,17.2,22.1,36.29,40.4,36.09
60,0,21.2,20.6,22.2,45.7,43.9,45.2
90,0,21.5,20.39,21.1,39.53,39.5,39.29
50,0,23.025,22.39,23.5,42.475,41.26,42.79
60,0,21.76,18.29,23.29,35.29,39.09,35.09
60,0,23.79,22.2,26.6,45,45.754,40.5
60,0,20.89,19.6,21.4267,37.43,35.8267,37.0967
90,0,25.5667,26.9633,25.1,32.3567,27.6233,36.2
60,0,22.26,20.7,22.6,38.76,39.4333,38.03
70,0,20.6,19.5,19.79,37.7267,37.76,37.5
50,0,22.5,20.7,23.2,43.8333,44.4,40.56
190,20,19.2,17.79,19,39.53,40.245,39.6633
110,0,21.5667,20.2,21,37.53,37.56,37.59
60,0,22.89,20.87,24.7,41.59,43.572,40.2
70,20,23.7,22.745,23.6,45.29,43.79,44.7
80,0,22.29,23.79,23.1,39,35.2,37.7
50,0,21.29,18.6,22.29,39.4,43.2675,38.4
70,10,20.79,20.1,21.5,42.6333,40.2,40.8267
440,0,22.89,22.79,26.1333,36.6,33.8333,35.5
100,10,22.79,21.8567,21.79,41.73,41.1633,42.9667
50,0,23.1,25.96,24.29,41.79,35.7667,38.7
50,0,23.8233,21.29,25.5,40.3267,42.79,39.9
110,20,22.5667,21.3233,23.7,33.1267,32.06,35.79
80,0,23.2,23.9633,24.2,41.9,38.4667,39.5
110,0,19.29,18.7,19.29,40.6633,39.7,42.06
50,0,21.7,18.89,22.39,38.73,42.59,38.2
60,0,21.39,18.76,22.39,39.5,42.8267,39
50,0,21.1667,18.6,20.8233,36.09,37.2,35.2667
50,0,21.89,19.6,23.76,42.5,45.8633,40.09
70,0,21.3567,21.6933,22.4267,41.03,40.8233,38.4
40,30,22.6,20.3567,21.89,37,39.09,36.4
60,0,21.2,20.39,21.79,40,40,37.7
80,0,22.1857,20.79,21.29,37.1214,37.4571,37.3725
40,0,21.3567,18.4633,20.39,35.3633,38.3633,36.79
60,0,21.29,20.29,20.7,33.4667,33.09,34
80,10,20.6,19.2,19.89,33.2667,33.5,33.5
60,0,20.29,19.5667,20.5,39.73,38.8633,40.2
50,0,22.79,20.79,25,39.23,39.1267,35.9
50,0,22.5,18.79,23.29,37.7,41.9,37.5
50,0,21.29,19.29,20.89,36.09,37.4,38.29
60,20,22.39,21.6,21.9878,44,43,44.2
60,0,20,19.1,19.89,44.4333,43.334,44.9
100,20,21,18.5,20.39,37.2,40.6567,37.26
30,0,20.26,18.1,20.04,35.7,37.7,37.536
20,0,18.79,18.1,19.7,46.59,46.59,45.09
50,0,21.29,17.7,21.39,36.29,40.73,35.7
70,0,20.5,20,20.79,42.1633,40.3633,41.09
100,0,23.4267,21.6333,25,46.0967,47.23,40.79
50,0,21.2,19.8233,21.89,43.26,44.03,42.09
100,0,23.5,22.6571,24.2643,36.6933,33.5543,35.4143
320,0,24.7,22.79,26.4371,47.9667,50.0129,43.09
130,0,22.9633,22.39,23.3567,54.8233,42.9333,39.5633
50,0,22.2,20.1,23.4267,43.4667,44.7,40.8267
50,10,21.39,20.5,21.7,47.09,47.1633,46.7
60,0,21.9633,19.6,22.79,39.4333,42.03,38.3633
150,0,20.76,19.2,20.0667,36.4967,33.96,33.7667
70,0,20.956,20.1,20.7,38.732,37.6083,38.2
90,0,21.1,19.6667,23.6667,33.5,32.73,36.3333
80,10,21.29,20.3667,23.0333,39.9333,41.1667,37.23
80,10,22.7,21.89,22.4939,41.925,41.79,43.53
130,0,24.89,23.3567,25.79,50.59,51.06,45.4667
40,0,20.29,17.4633,20.1333,37,40.06,37.09
70,0,22.0875,20.7514,21.29,37.0213,37.3214,37.2514
50,0,21,19.3233,20.5,40.2,41.7,38.56
40,0,20.4267,18.79,19.89,34.3267,34.925,36.59
140,10,20.26,18.0333,20.0667,38.3633,39.8267,36.9
50,0,21.9633,21.1333,22.0167,44.5,43.7,44.4317
610,0,19.8233,19.125,20.39,34.9667,32.2225,34.3233
50,0,21.9633,19.6667,22.79,39.29,41.7,38.2
50,0,18.79,18.1,19.5,44.5,43.9667,43.9
50,0,20.7,19.6857,20.6143,39.8243,38.2386,38.1057
100,10,23.7,22.3186,24.29,43.4333,42.9,39.9
100,10,21.2,19.6333,21.6,47.96,40.3,36.6933
60,0,21.89,23.7,22.5,40.1267,35.73,38.7
50,10,21.1,18.4267,23.2,41.29,45.1267,39.9
230,0,20.79,18.1,21.6667,36.59,39.6633,35.3633
50,0,21,20.29,21.7,45.2233,43.59,43.73
90,20,22.39,21.29,22.8567,38.79,39.1267,37.9667
50,0,20.6,17.0333,21.2,34.7,39.56,34.53
70,10,19,17.6,19.6,39.2,39.59,40.56
40,0,21.39,18.5667,22.2,40.09,44.1267,38.4
50,0,21.1,18.4267,23.2,41.29,45.1267,39.9
50,0,21.29,18.7,22.39,39.59,43,39
130,0,22.89,21.2,23.1,39,38.1267,35.6267
140,30,21.6,20.2,21.79,44.36,44.73,42.79
50,0,17.89,17.1,19,44.56,44.9,42.26
20,0,22.79,22,21,40.09,39.1267,41.9
140,20,23.0667,22.29,21.79,41.6,40.5,43.1633
50,0,21,20.2,21.7,44.09,43.7,44.2
130,30,23.2,22.39,21.79,42.7233,41,44.0267
60,0,22.1,19.7,23.2,39.4,42.29,39.79
40,0,21,17.7,20.2,35.7,39.09,36.4667
50,0,21.2,18.89,22,39.9,42.845,37.9
190,0,21.2,21.29,22.1,43.0667,41.73,38.9
40,0,20.3567,18.5,20.39,36.7,37.3267,37.26
40,0,19.0667,17.6,19.6,39.2,39.59,40.5
70,0,22.6667,21.7,22.89,37.9,37.6633,38
50,0,20.89,18.8233,21.79,39.4,42.59,37.4
60,0,19.89,19.3233,20.8233,42.7,40.7233,41.7667
50,0,22,21.3233,20.8233,41.9333,40.6633,44.4667
80,0,21.29,20.0667,20.2,35.4667,35.79,36.5
50,0,25.0667,23.5,26.79,43.8267,44.9,40.29
50,0,18.79,18.1,19.6,46.59,46.59,45
50,0,21.76,19.895,21.15,34.3083,34.745,34.83
50,0,22.7,20.29,23.89,42,44.76,39.4
130,20,23,22.29,21.79,41.3175,40.4333,43.03
90,0,21.5,22.9267,22.4267,38.1267,32.9667,35.1267
90,10,20,19.0667,20.6,43,42.3633,44.03
40,0,19.6,18.89,19.79,43,42.645,44.5
50,10,21.1,18,20.79,41.29,47,38.4
50,0,20.6667,17.1,20.29,35.3633,39.79,36.9
50,0,21.89,19.1333,22.79,38.4,42.53,37.4
50,0,22.39,18.7,23.29,37.59,42,37.5
30,0,21.89,22.1,22.39,40.1567,38.5,38.26
40,0,21,19,21,36.3214,37.9,38.59
60,10,20.6,18.79,20.23,41.2,41.2,41.8267
50,0,24.79,22.6,26.14,47,49.6214,43.5
300,0,21.39,20.2,23.2267,37.9,38.23,39.0267
50,0,20.2,17.29,22.2,34.29,37.4667,35.09
620,0,22.7,22.4267,23.29,41.7233,39,39.2
70,10,21.89,18.9267,23.2,35.93,38.4,37.2
60,0,23.6,24.76,23.1,30.4,26.0667,32.7
80,0,21,19.3233,22.39,39.2267,39.5,37.23
270,0,20.1667,18.39,22.3267,37.76,39.5,36.4933
120,0,22.6,21.2,22.7,38.9667,39.5,37.79
50,0,21.79,18.39,23.2,35.2,39,34.79
70,0,22.89,22.4,24.1,40.4,40.3667,37.09
50,0,19.6,17.8233,20.865,36.79,38.2,36.6725
120,0,23.5,22.7,24.39,37.5333,35.51,35.9286
